,id,winning_team,blue_wards_placed,blue_wards_killed,blue_champions_killed,blue_elites_killed,blue_plates_destroyed,blue_turrets_destroyed,blue_total_gold,blue_average_level,blue_jungle_monsters_killed,blue_minions_killed,red_wards_placed,red_wards_killed,red_champions_killed,red_elites_killed,red_plates_destroyed,red_turrets_destroyed,red_total_gold,red_average_level,red_jungle_monsters_killed,red_minions_killed
0,NA1_4504741112,100,16,2,6,0,1,0,16780,7.0,68,214,12,4,3,2,1,0,15773,7.6,56,221
1,NA1_4504709885,100,16,2,14,2,3,0,19657,7.2,60,185,14,3,7,0,2,0,17633,6.8,56,183
2,NA1_4504683761,100,16,1,11,2,5,0,18663,7.2,64,202,10,4,7,0,2,0,17070,6.8,52,209
3,NA1_4504655843,200,12,9,12,1,3,0,19803,6.8,44,192,31,1,18,0,3,0,22270,7.2,51,203
4,NA1_4504627176,100,19,7,12,1,2,0,20335,7.0,59,256,19,5,8,1,2,0,19110,6.8,57,225
5,NA1_4504592533,100,11,2,6,1,3,0,16478,6.8,67,192,85,1,10,1,3,0,20058,7.2,67,214
6,NA1_4504560380,200,15,1,7,1,1,0,16606,6.6,46,191,13,3,8,1,3,0,18311,7.4,66,222
7,NA1_4504539785,100,20,4,9,0,3,0,17608,6.4,44,196,18,9,12,1,3,0,19866,6.8,50,200
8,NA1_4504503530,100,13,3,10,0,5,0,19812,7.0,59,210,11,2,7,1,1,0,17167,6.8,56,207
9,NA1_4485645219,100,39,2,1,0,0,0,14030,6.8,56,211,36,7,5,1,3,0,16398,7.4,48,255
10,NA1_4485611474,100,48,3,8,1,1,0,17051,7.2,64,195,40,1,3,0,4,0,15960,6.8,60,227
11,NA1_4485554626,100,10,4,4,0,1,0,16434,7.2,48,252,16,1,4,0,0,0,16837,7.4,72,263
12,NA1_4485510802,100,10,1,5,0,0,0,15516,6.6,60,174,12,3,10,0,7,0,18903,7.0,40,224
13,NA1_4481483833,200,15,1,8,0,1,0,17493,6.8,38,181,11,2,8,1,3,0,18257,6.6,45,203
14,NA1_4481151981,100,47,2,4,0,0,0,15471,6.4,62,187,14,2,6,0,4,0,16592,6.6,44,227
15,NA1_4479064602,200,13,4,9,1,3,0,18623,7.0,51,204,15,3,11,1,2,0,18806,7.0,44,202
16,NA1_4479009080,200,14,1,1,0,4,0,14395,6.8,56,185,13,1,6,1,2,0,16262,6.8,60,207
17,NA1_4479022371,100,17,2,9,0,3,0,18142,7.0,44,212,11,2,7,2,2,0,17025,7.0,68,204
18,NA1_4490537704,100,11,2,5,1,1,0,15373,6.4,52,215,10,1,4,1,0,0,16110,6.8,72,205
19,NA1_4490528098,200,12,3,6,1,0,0,15354,6.4,56,160,14,2,9,1,6,1,19786,7.2,59,212
20,NA1_4490513797,100,17,1,7,1,5,1,18631,6.8,41,243,12,1,1,1,1,0,14958,6.6,77,222
21,NA1_4490487696,100,12,0,9,1,3,0,18678,7.2,60,189,14,2,9,0,5,0,18737,7.0,56,214
22,NA1_4490469695,100,13,3,5,2,1,0,16791,6.8,56,211,19,4,4,0,3,0,16802,6.6,60,228
23,NA1_4489544926,200,101,2,7,0,0,0,17082,6.8,69,203,18,1,7,0,2,0,17866,6.8,56,217
24,NA1_4489528068,100,24,3,10,0,2,0,17905,7.2,70,235,17,3,5,1,2,0,15678,6.6,52,204
25,NA1_4489504691,100,37,3,14,1,1,0,19136,7.2,40,175,265,2,7,0,3,0,17090,6.6,48,217
26,NA1_4489402080,200,18,2,8,0,0,0,17124,7.0,49,209,11,3,8,0,0,0,18364,7.0,63,236
27,NA1_4478913315,200,12,0,7,1,2,0,17335,7.0,54,220,13,1,5,0,0,0,16614,7.4,72,222
28,NA1_4478879316,100,15,2,5,0,4,0,16536,6.6,61,194,18,3,5,0,2,0,16120,6.8,36,223
29,NA1_4478856441,100,16,0,9,0,6,0,18683,6.8,46,189,15,1,11,1,4,0,19351,7.0,64,194
30,NA1_4478852985,200,17,1,7,1,4,0,17901,6.8,44,210,14,1,4,1,1,0,15652,6.6,52,207
31,NA1_4478869808,100,14,5,7,0,2,0,17097,6.8,63,177,16,1,7,0,3,0,17718,7.0,64,217
32,NA1_4478816480,200,15,3,6,1,2,0,17579,7.0,71,219,14,5,3,0,1,0,14781,6.6,36,227
33,NA1_4478804647,200,10,4,3,0,1,0,14648,6.8,52,211,15,1,11,2,6,1,19685,7.6,80,236
34,NA1_4478812399,200,16,5,8,1,1,0,16501,6.8,48,186,85,5,7,1,3,0,16454,6.8,48,206
35,NA1_4478709529,200,8,4,7,0,6,1,18943,7.2,52,248,105,2,10,2,1,0,18007,7.0,52,209
36,NA1_4482094090,100,14,5,4,1,4,0,16331,6.8,64,207,18,5,3,1,2,0,15890,6.6,48,221
37,NA1_4482059301,200,13,2,18,0,1,0,21401,7.2,35,201,11,0,9,1,1,0,18528,7.0,48,196
38,NA1_4482031928,100,12,2,9,0,4,0,18275,7.2,68,214,17,1,4,1,0,0,14884,6.8,54,202
39,NA1_4482001298,100,17,0,13,2,3,0,20053,7.2,60,247,16,1,5,0,2,0,14773,6.6,40,181
40,NA1_4481976494,200,15,0,4,0,1,0,15875,7.2,51,214,10,5,6,0,1,0,17156,7.6,68,229
41,NA1_4481958604,200,16,1,3,0,1,0,15068,6.4,52,209,14,2,4,1,0,0,14766,6.8,52,213
42,NA1_4481948668,200,13,1,7,0,1,0,16833,6.8,68,176,15,2,12,0,6,0,20357,7.2,40,228
43,NA1_4481934548,100,14,3,8,1,3,0,17923,7.0,60,242,15,3,5,1,0,0,14627,6.6,40,163
44,NA1_4481919139,100,11,2,12,1,3,0,19737,6.6,60,177,68,2,13,0,2,0,20134,6.6,60,166
45,NA1_4467709946,200,20,2,4,0,0,0,14330,6.2,80,138,11,0,13,2,7,2,20612,7.0,40,278
46,NA1_4467633086,200,12,5,3,0,3,0,15994,7.2,48,239,55,2,8,0,3,0,18094,7.2,64,214
47,NA1_4467549683,200,52,3,8,0,1,0,17780,7.2,68,203,27,1,10,0,0,0,18157,7.4,52,242
48,NA1_4467564780,100,14,8,2,0,0,0,14797,6.8,54,215,80,5,9,1,3,0,18988,7.2,60,205
49,NA1_4467571227,200,15,4,8,0,3,0,16515,6.4,36,164,58,0,12,1,4,0,19835,6.8,63,214
50,NA1_4467497982,200,10,1,8,2,2,0,17045,6.8,56,162,57,1,7,0,2,0,17278,7.0,48,212
51,NA1_4467493907,200,72,5,5,0,2,0,16266,7.0,48,234,24,2,5,0,2,0,16518,7.0,56,228
52,NA1_4467501547,200,15,2,3,0,2,0,16611,7.2,60,260,53,4,6,2,2,0,17551,7.4,64,225
53,NA1_4467439272,100,25,1,6,0,1,0,16486,6.4,39,198,12,1,8,1,3,0,17591,6.8,52,209
54,NA1_4504316495,100,14,2,9,1,2,0,17874,7.2,44,231,18,4,9,1,4,0,19790,7.4,51,231
55,NA1_4495339623,200,15,2,7,1,4,0,17628,6.6,40,207,10,3,10,0,2,0,17587,7.0,52,219
56,NA1_4495321925,200,23,19,9,0,1,0,17564,7.2,48,188,43,3,8,0,0,0,17375,7.0,79,211
57,NA1_4495271019,200,17,0,11,1,1,0,18086,6.6,48,191,124,4,8,0,2,0,17716,6.8,63,209
58,NA1_4493030755,100,11,1,13,2,10,1,21404,7.4,69,234,15,1,3,0,4,0,16291,7.0,52,205
59,NA1_4493008264,200,19,2,4,0,0,0,14940,6.8,60,205,13,3,6,1,1,0,17179,7.0,76,221
60,NA1_4492980037,200,20,3,4,0,3,0,16304,6.8,47,238,12,0,6,1,2,0,18051,7.2,76,201
61,NA1_4492955116,100,13,3,7,0,1,0,16633,7.2,56,230,15,2,2,1,1,0,14688,7.0,67,196
62,NA1_4492930321,100,23,3,11,0,0,0,17726,7.0,32,204,15,0,3,0,1,0,15141,6.8,60,226
63,NA1_4504960888,100,16,1,16,0,12,1,24473,7.6,64,229,10,0,5,0,0,0,14288,5.4,56,118
64,NA1_4504386406,100,19,2,13,0,2,0,18603,6.6,46,213,16,4,6,0,2,0,16244,6.6,36,176
65,NA1_4504372300,200,12,3,8,1,1,0,17489,6.8,64,182,18,2,4,1,1,0,16634,6.8,60,189
66,NA1_4493884952,100,14,2,5,1,4,0,17450,7.4,75,258,12,3,4,0,0,0,15433,7.0,36,234
67,NA1_4493290996,100,20,1,4,1,6,0,16703,7.0,58,236,16,1,4,0,1,0,15812,6.8,63,202
68,NA1_4484652516,100,15,4,8,1,0,0,16868,6.6,40,171,28,3,8,0,3,0,17586,7.0,60,208
69,NA1_4481722601,100,22,2,2,1,0,0,15370,7.0,68,237,16,3,1,0,1,0,14853,6.8,57,227
70,NA1_4480334940,100,13,1,8,0,4,0,17980,7.0,57,234,12,0,5,0,4,0,17330,7.0,62,235
71,NA1_4479455734,100,19,1,8,0,1,0,17928,6.8,71,196,50,5,9,0,2,0,17562,6.4,44,188
72,NA1_4489998987,100,16,6,9,2,4,0,18310,7.4,64,210,36,2,5,0,2,0,15774,6.8,52,195
73,NA1_4489954389,100,15,2,9,1,3,0,18845,7.2,62,219,9,5,7,0,1,0,18061,6.8,48,213
74,NA1_4489937860,200,12,1,1,0,0,0,12931,6.0,36,191,16,2,10,1,4,0,19799,7.2,76,222
75,NA1_4488818326,200,13,4,4,1,1,0,16009,7.0,56,210,16,3,9,0,3,0,18392,7.0,60,230
76,NA1_4488785465,100,20,4,11,0,5,0,19600,7.0,52,229,18,4,6,0,4,0,17342,7.2,56,209
77,NA1_4488766479,100,89,2,7,1,3,0,18193,7.0,60,216,9,8,1,0,2,0,15193,6.8,60,242
78,NA1_4488743237,100,43,0,6,0,1,0,14897,6.8,39,176,12,1,5,0,1,0,15593,6.6,60,197
79,NA1_4488194040,200,14,3,4,0,1,0,16473,7.2,58,248,10,3,5,1,1,0,17451,7.4,77,236
80,NA1_4488147632,100,17,5,8,0,2,0,17519,6.6,45,199,14,3,7,1,1,0,16637,6.6,58,155
81,NA1_4464518488,100,50,2,7,1,1,0,17337,7.2,56,213,16,0,2,0,2,0,15767,7.0,72,238
82,NA1_4463900722,200,11,8,9,1,3,0,18344,7.2,52,230,18,2,5,0,3,0,16974,6.8,68,229
83,NA1_4460820824,100,13,3,2,0,2,0,15462,6.8,76,212,17,0,4,1,2,0,16205,7.0,67,211
84,NA1_4460807836,200,15,4,4,0,2,0,15257,6.6,52,186,14,2,12,2,5,1,20592,7.2,60,220
85,NA1_4460767072,100,18,1,7,1,5,1,18637,7.0,63,185,30,3,4,1,1,0,15529,7.0,53,212
86,NA1_4451480708,100,15,2,8,0,2,0,17096,6.8,52,215,16,1,6,0,1,0,16385,6.8,56,213
87,NA1_4444117807,200,10,1,4,0,0,0,15248,6.4,40,203,12,2,7,1,1,0,17673,7.2,68,206
88,NA1_4440992478,200,13,1,3,0,3,0,15074,6.8,61,232,14,2,3,1,0,0,15963,6.8,56,226
89,NA1_4440965977,100,69,11,11,1,1,0,19657,7.2,56,222,38,6,10,0,4,0,18712,7.6,60,225
90,NA1_4483634960,200,15,2,8,1,1,0,17926,7.0,72,227,64,1,10,1,2,0,18614,7.0,45,194
91,NA1_4483570710,200,18,1,10,0,2,0,17617,7.0,44,189,12,4,6,1,2,0,17627,6.8,70,211
92,NA1_4483546939,100,20,2,7,0,1,0,17253,7.0,57,218,15,2,4,0,1,0,15276,6.8,65,187
93,NA1_4479464913,200,14,1,4,0,1,0,15544,6.6,48,216,10,5,5,0,2,0,16502,6.6,68,232
94,NA1_4479461429,100,11,1,8,1,2,0,18109,7.2,52,248,14,2,4,0,0,0,15758,7.2,62,217
95,NA1_4479387786,100,15,3,14,1,3,0,21730,7.2,53,207,9,2,14,0,0,0,20443,6.8,47,213
96,NA1_4479414462,100,12,2,7,0,3,0,16933,7.0,53,201,187,1,11,0,3,0,18047,7.0,44,172
97,NA1_4475646549,100,14,5,4,0,3,0,15982,7.0,51,221,28,2,5,1,0,0,16338,7.2,61,203
98,NA1_4475631332,100,14,2,7,1,1,0,18567,7.2,81,243,10,1,2,1,1,0,14664,7.0,66,216
99,NA1_4497101483,200,15,14,3,0,0,0,14460,6.2,54,180,45,6,15,0,6,0,20630,7.4,60,228
100,NA1_4497056043,200,10,2,10,0,2,0,17869,7.0,44,188,19,3,10,0,3,0,18476,7.0,44,206
101,NA1_4495784050,100,17,3,11,1,7,1,20617,7.0,60,241,14,2,4,0,1,0,14763,6.6,32,197
102,NA1_4490818581,100,30,2,12,1,2,0,19625,7.4,52,244,10,1,2,0,0,0,14850,6.6,60,203
103,NA1_4477355708,100,18,3,4,0,0,0,15972,6.8,46,195,21,3,7,0,2,0,17687,7.2,56,206
104,NA1_4454723323,200,17,2,9,0,4,0,18490,7.0,52,210,12,5,10,1,1,0,18094,6.6,49,197
105,NA1_4454741045,200,11,2,13,0,3,0,19602,7.2,52,228,16,0,8,0,3,0,17179,6.8,52,167
106,NA1_4454649069,100,88,0,14,1,3,0,19794,7.0,54,175,16,2,8,1,1,0,16903,6.4,44,166
107,NA1_4429304036,200,12,1,4,0,6,0,15477,6.6,59,195,15,2,12,1,0,1,20483,7.2,61,216
108,NA1_4493011535,200,23,1,8,0,1,0,17286,6.8,33,206,18,1,8,1,5,0,18505,7.4,70,232
109,NA1_4487121542,200,16,0,13,0,2,0,19460,7.0,51,198,16,3,13,1,2,0,19677,6.8,52,195
110,NA1_4487098566,200,15,3,5,0,2,0,15972,6.8,58,175,14,2,12,2,5,0,20150,7.4,52,233
111,NA1_4487067086,100,12,2,5,0,1,0,15002,6.4,41,187,15,3,8,1,4,0,17652,6.8,45,217
112,NA1_4475589464,200,87,5,1,0,0,0,14209,6.8,69,193,48,4,6,2,2,0,16785,6.8,57,208
113,NA1_4475556429,100,17,2,4,1,1,0,14818,6.8,42,215,95,2,7,1,3,0,18072,7.4,68,223
114,NA1_4458126404,200,15,0,9,0,3,0,17610,7.0,54,198,88,3,14,0,6,1,22186,7.2,43,231
115,NA1_4458109829,100,48,1,6,1,2,0,17135,7.0,52,214,16,12,10,0,3,0,17198,7.0,57,168
116,NA1_4456649704,200,10,0,3,0,0,0,13547,6.4,32,171,14,0,10,0,11,1,20823,7.0,50,231
117,NA1_4497893024,200,17,4,12,0,2,0,20411,7.2,56,213,12,2,12,1,3,0,19782,7.2,55,180
118,NA1_4497872049,200,12,1,10,0,2,0,18409,6.8,56,179,17,0,10,1,6,0,18324,6.2,60,160
119,NA1_4497847145,100,12,2,5,0,1,0,15854,6.8,56,192,19,2,8,1,1,0,18030,7.0,59,212
120,NA1_4497820591,100,40,3,6,0,2,0,17519,7.2,64,225,110,2,2,1,2,0,16074,7.2,75,236
121,NA1_4497801686,200,13,1,8,2,1,0,17048,6.8,56,158,18,1,12,0,4,0,20370,7.2,66,233
122,NA1_4497012866,200,17,1,9,0,0,0,18119,6.8,68,217,13,5,9,2,0,0,17996,7.4,56,229
123,NA1_4496545615,100,14,1,5,0,4,0,16372,6.8,81,178,18,1,10,0,4,0,17956,6.8,46,183
124,NA1_4486928286,200,12,2,2,0,0,0,14482,7.0,64,208,22,1,5,2,3,0,17302,7.2,56,252
125,NA1_4486914058,200,13,0,5,0,0,0,16216,6.8,55,198,13,4,12,1,6,0,19872,7.2,52,201
126,NA1_4495945871,100,16,2,9,1,3,0,17728,6.4,44,200,15,3,8,0,6,0,17420,7.0,48,223
127,NA1_4495929896,200,45,1,10,0,1,0,19048,7.4,52,217,11,6,11,1,3,0,18022,7.2,52,201
128,NA1_4495917972,100,15,5,1,0,4,0,16175,7.4,64,247,14,2,3,1,0,0,15263,7.0,68,223
129,NA1_4495904484,200,13,1,5,0,3,0,16325,6.6,76,169,17,1,9,1,5,0,19270,7.2,44,242
130,NA1_4477682800,100,14,3,2,0,0,0,15089,6.8,46,248,15,1,3,1,1,0,14714,6.8,64,186
131,NA1_4477564554,100,16,1,9,1,2,0,17447,6.8,62,187,15,2,11,1,4,0,19455,6.8,65,198
132,NA1_4477569820,100,35,5,10,2,0,0,18398,7.4,68,209,34,2,6,0,1,0,16425,7.0,56,205
133,NA1_4477414362,100,12,3,8,1,5,0,18941,7.2,64,240,15,2,4,1,1,0,16180,6.8,63,220
134,NA1_4475779765,100,16,2,15,0,5,1,21167,6.8,56,204,16,2,10,0,3,0,18594,6.8,35,190
135,NA1_4474477605,200,34,1,3,0,1,0,15123,6.4,44,199,15,5,11,1,8,1,21438,7.2,53,221
136,NA1_4474474509,100,12,2,5,0,2,0,17237,6.8,69,219,17,3,7,1,3,0,16684,6.8,42,206
137,NA1_4474461331,100,18,2,9,0,2,0,17524,6.8,41,187,18,4,13,0,2,0,19074,7.0,46,217
138,NA1_4474427212,100,22,7,9,1,4,0,19772,7.0,56,218,13,3,10,1,1,0,17230,7.0,52,206
139,NA1_4474442924,200,60,2,5,1,3,0,15617,6.6,48,174,18,5,9,0,5,0,18104,7.2,47,194
140,NA1_4474376863,200,14,1,5,0,2,0,16109,7.2,56,199,17,0,6,0,4,0,17473,7.0,52,234
141,NA1_4474364984,200,16,4,5,1,0,0,15186,6.8,61,185,17,4,8,0,2,0,18449,7.4,62,233
142,NA1_4474362553,100,55,3,10,0,4,0,18298,7.0,46,218,16,1,4,0,0,0,15061,6.8,56,169
143,NA1_4474328826,100,21,1,11,1,5,1,20244,6.8,48,223,9,1,7,0,1,0,17546,7.2,68,207
144,NA1_4487253098,200,10,1,2,0,4,0,15599,6.6,76,230,12,3,7,2,3,0,17549,7.0,54,216
145,NA1_4474835102,200,16,0,2,0,3,0,14806,6.4,53,224,11,6,7,1,3,0,17909,7.0,54,256
146,NA1_4474862013,200,12,0,3,0,1,0,13536,5.6,45,164,15,1,12,1,7,0,19792,7.0,61,225
147,NA1_4474776799,100,16,1,13,1,0,0,18419,7.0,54,218,10,3,6,0,2,0,16689,6.4,47,216
148,NA1_4474759628,100,14,1,10,2,3,0,18464,7.2,60,224,9,1,3,0,1,0,15765,7.2,64,206
149,NA1_4474752581,200,13,2,3,1,2,0,15383,6.8,64,211,17,3,3,0,3,0,16357,7.0,60,242
150,NA1_4474676666,200,14,0,4,0,1,0,15591,6.6,51,208,26,1,8,1,2,0,18788,7.6,56,238
151,NA1_4474616141,100,16,1,1,1,2,0,14652,7.0,56,242,17,3,7,1,2,0,17345,7.0,56,234
152,NA1_4474620012,100,91,4,9,1,3,0,19257,7.2,68,249,16,1,6,0,0,0,16849,7.0,68,202
153,NA1_4481014977,100,17,4,4,1,2,0,16094,7.2,68,232,14,3,3,1,2,0,16183,7.2,72,245
154,NA1_4479327103,100,9,4,3,0,1,0,16286,7.0,56,255,20,2,3,0,1,0,16535,7.0,72,238
155,NA1_4479322875,200,12,3,12,0,2,0,19389,7.0,56,200,16,1,9,1,3,0,17338,6.6,48,196
156,NA1_4477525326,100,13,2,12,0,2,0,19988,6.8,50,221,38,1,14,1,4,0,21496,7.0,77,226
157,NA1_4477516475,200,11,2,10,0,4,0,19528,7.0,43,235,52,1,9,0,1,0,17796,6.8,48,178
158,NA1_4469782820,200,14,1,8,0,2,0,16768,6.8,41,180,10,2,8,0,2,0,17752,6.8,58,208
159,NA1_4469696847,100,18,3,10,1,2,0,18296,6.8,52,209,12,1,15,0,4,0,21321,7.2,48,203
160,NA1_4469692053,100,20,1,14,1,5,0,20679,7.2,56,202,12,0,4,0,0,0,14912,6.6,44,193
161,NA1_4468929654,200,14,6,6,0,3,0,17252,6.6,54,212,17,2,0,1,3,0,14609,6.8,53,252
162,NA1_4503405893,100,11,3,10,1,5,0,19401,7.2,72,226,11,4,8,0,1,0,17140,6.8,51,206
163,NA1_4503376728,200,12,2,3,0,2,0,15579,7.2,72,209,18,1,5,2,3,0,16870,6.8,72,185
164,NA1_4503370958,100,20,2,6,0,2,0,16285,7.2,72,218,13,3,11,1,2,0,18408,6.8,54,181
165,NA1_4502544583,100,4,0,2,0,0,0,6415,3.0,12,55,2,0,0,0,0,0,5172,2.6,28,36
166,NA1_4502538305,200,15,3,3,2,3,0,15523,6.8,55,229,13,1,5,0,1,0,15859,6.6,43,172
167,NA1_4502535796,200,15,3,3,0,3,0,15156,6.6,48,196,18,3,6,1,4,0,17845,7.0,63,238
168,NA1_4501209559,200,20,1,9,0,3,0,18397,7.2,68,227,19,1,9,1,2,0,18320,7.2,60,222
169,NA1_4500485889,100,18,3,9,2,3,0,18864,7.2,52,238,60,1,1,0,1,0,14396,6.4,60,199
170,NA1_4500460006,200,14,1,7,0,2,0,16461,6.8,56,179,11,0,6,2,4,0,17782,7.2,68,229
171,NA1_4504045378,100,12,3,5,0,3,0,16934,6.8,60,226,22,2,6,1,2,0,16826,6.8,49,196
172,NA1_4504014452,200,18,4,4,0,0,0,14953,6.4,28,187,15,3,14,2,0,0,21278,7.0,68,219
173,NA1_4503876043,100,16,2,10,0,2,0,18436,6.8,56,208,14,2,5,2,3,0,16350,6.8,64,188
174,NA1_4503837098,100,13,6,10,0,2,0,18896,7.4,68,206,16,0,7,0,1,0,16762,7.2,60,194
175,NA1_4503814906,200,15,2,7,1,1,0,15939,6.0,44,166,20,2,9,1,7,2,19789,7.2,60,250
176,NA1_4503705357,100,11,5,5,1,1,0,16383,7.0,47,220,24,3,3,1,1,0,15505,7.0,68,225
177,NA1_4503689880,100,16,3,13,0,5,0,21874,7.4,76,202,12,3,10,1,1,0,18472,6.8,56,179
178,NA1_4503238519,200,17,4,6,2,2,0,17206,7.0,66,199,14,3,10,0,1,0,18950,7.4,68,228
179,NA1_4503212848,100,12,2,12,0,3,0,19849,7.4,50,216,13,2,4,0,2,0,16231,6.8,58,196
180,NA1_4464146287,100,15,1,7,0,1,0,16697,7.0,44,228,12,3,8,0,0,0,17623,6.8,60,230
181,NA1_4464086007,100,15,3,12,0,4,0,19829,7.4,64,196,18,1,13,0,1,0,18824,7.0,56,185
182,NA1_4462953310,100,12,7,3,1,4,0,16376,6.8,62,239,15,3,5,0,1,0,15478,6.8,60,198
183,NA1_4462647668,200,16,3,4,0,2,0,15672,6.8,54,201,25,4,9,1,1,0,18022,6.8,54,184
184,NA1_4462282721,100,18,3,11,0,1,0,18641,7.0,44,221,15,1,2,0,0,0,14520,6.4,54,205
185,NA1_4462270071,100,15,2,11,1,2,0,18318,7.2,61,193,13,1,9,0,3,0,16874,6.6,54,193
186,NA1_4455169918,100,18,1,7,1,0,0,18264,7.0,74,202,13,1,7,1,3,0,17495,7.2,76,223
187,NA1_4455045907,200,14,0,10,0,0,0,17896,7.0,48,230,16,1,5,1,1,0,16898,7.0,68,216
188,NA1_4454939699,200,108,0,8,0,0,0,16581,6.6,52,193,10,2,7,1,2,0,17175,7.0,56,200
189,NA1_4504622387,100,15,3,6,0,0,0,16529,7.0,47,231,17,1,6,0,1,0,16906,7.2,60,189
190,NA1_4504586563,200,14,1,10,0,2,0,18217,7.0,48,219,14,1,6,2,2,0,17443,7.0,56,222
191,NA1_4504562080,100,13,2,5,1,1,0,16987,7.2,62,253,13,1,1,0,1,0,14857,7.0,61,224
192,NA1_4504538305,100,14,4,9,1,3,0,17777,7.0,56,194,21,1,5,0,2,0,14967,6.6,36,198
193,NA1_4504510090,200,11,1,4,0,1,0,17059,7.4,76,232,10,2,8,2,2,0,17833,7.2,60,240
194,NA1_4504108972,200,12,13,7,0,3,0,17225,7.2,63,236,38,1,5,1,2,0,16070,7.0,66,204
195,NA1_4503976742,200,25,4,3,0,1,0,15920,6.8,56,229,15,2,9,1,2,0,19180,7.4,59,217
196,NA1_4503932113,200,15,2,2,0,1,0,14656,6.8,68,206,15,2,8,2,7,0,18793,7.0,68,234
197,NA1_4499304402,200,17,3,1,0,2,0,14837,6.8,56,221,61,2,7,2,0,0,18062,7.4,76,210
198,NA1_4491789896,200,30,1,7,0,3,0,17600,6.4,59,183,11,3,14,0,1,0,19422,7.0,36,184
199,NA1_4491764755,200,12,4,5,0,0,0,15999,6.8,60,206,16,3,11,0,2,0,19355,7.2,44,225
200,NA1_4491738108,100,17,1,7,1,3,0,17538,6.8,56,196,13,3,9,0,4,0,17858,7.0,54,183
201,NA1_4491701599,200,14,1,4,1,1,0,15634,6.8,80,200,12,2,6,0,3,0,17260,7.0,39,224
202,NA1_4491670636,100,14,4,5,1,4,0,15914,6.6,54,193,83,2,8,1,4,0,17425,6.8,52,202
203,NA1_4491643629,100,12,4,7,0,1,0,18633,7.0,60,234,18,1,8,2,3,0,17977,7.2,48,236
204,NA1_4491616520,100,25,2,5,0,1,0,16301,6.8,56,192,13,3,7,0,2,0,16923,6.8,48,202
205,NA1_4491528194,200,16,4,4,1,2,0,15616,6.4,54,189,18,1,10,1,2,0,18125,7.2,55,187
206,NA1_4491503568,100,13,1,9,1,2,0,17604,6.8,51,202,15,3,8,1,2,0,17798,6.6,50,202
207,NA1_4492471846,100,13,2,6,1,3,0,16645,6.8,76,208,11,0,7,1,1,0,16596,7.2,44,214
208,NA1_4492443058,100,15,3,5,1,2,0,16617,7.0,47,249,13,1,6,0,0,0,16828,6.8,60,192
209,NA1_4490248883,200,13,6,6,0,2,0,15983,6.8,48,178,16,1,7,1,4,0,17199,6.8,76,208
210,NA1_4490201294,200,13,3,12,0,4,0,20102,7.2,58,217,16,2,9,1,2,0,17151,6.8,42,180
211,NA1_4486944980,100,19,0,16,0,3,0,20253,7.0,40,200,15,2,10,0,0,0,18539,6.2,55,147
212,NA1_4480180250,200,19,1,9,0,1,0,18422,7.0,63,229,16,4,7,0,1,0,17962,7.2,56,212
213,NA1_4480124218,100,11,3,6,0,0,0,16822,7.0,60,236,18,3,6,0,3,0,17412,6.6,40,270
214,NA1_4476698151,200,16,4,3,0,2,0,15854,7.4,56,229,13,1,4,1,3,0,17139,7.0,48,255
215,NA1_4470476099,100,33,3,10,1,2,0,18801,7.2,52,222,39,0,5,0,0,0,15523,6.6,60,171
216,NA1_4481086344,200,13,2,5,0,3,0,16733,7.2,53,233,12,1,5,1,0,0,15642,6.8,68,195
217,NA1_4481069525,200,16,1,8,0,0,0,17970,7.0,64,217,11,1,5,0,0,0,16030,6.8,60,243
218,NA1_4478815528,100,24,3,9,2,8,2,20912,7.0,63,261,10,2,3,0,2,0,14644,6.6,60,201
219,NA1_4477816727,200,10,1,6,0,0,0,15988,6.4,46,179,12,4,10,1,7,1,21321,7.0,68,237
220,NA1_4477707659,200,15,1,2,0,1,0,15929,7.2,68,257,14,2,5,1,4,0,17376,7.0,68,244
221,NA1_4473645647,100,15,2,8,0,2,0,17882,7.2,62,227,17,0,4,1,1,0,16089,7.2,57,225
222,NA1_4471853556,200,20,3,3,0,1,0,14846,6.4,48,199,15,3,9,1,3,0,19372,7.2,84,246
223,NA1_4471799105,100,13,2,16,0,1,0,20598,7.2,55,206,15,1,7,0,2,0,17208,6.4,60,199
224,NA1_4469402203,100,35,0,14,1,3,0,21168,7.2,60,233,13,3,9,1,3,0,17752,6.6,45,224
225,NA1_4469467626,100,38,4,8,0,2,0,17341,6.8,51,222,15,1,4,0,1,0,15595,6.6,65,207
226,NA1_4462326443,100,17,3,12,0,6,0,19575,7.2,64,205,10,3,2,0,0,0,14176,6.6,45,202
227,NA1_4462290548,200,20,5,4,0,1,0,16214,7.0,61,211,27,8,3,2,1,0,15337,7.2,56,228
228,NA1_4453278645,100,21,3,7,1,3,0,16994,6.4,53,213,27,3,5,0,2,0,15307,6.6,47,165
229,NA1_4437614923,100,17,4,11,2,1,0,19634,7.2,55,237,61,2,5,0,4,0,16100,7.0,60,202
230,NA1_4437591357,100,40,3,13,1,0,0,20165,7.2,68,233,14,3,10,0,2,0,16640,7.2,49,179
231,NA1_4436152799,200,13,3,5,0,1,0,16135,7.2,64,227,60,2,4,0,2,0,15293,7.0,60,195
232,NA1_4436104626,200,13,1,5,0,1,0,16013,7.4,56,231,13,3,9,2,1,0,17742,7.2,71,211
233,NA1_4436069775,200,19,2,5,0,0,0,15646,7.2,49,199,19,0,7,0,0,0,17116,7.4,60,230
234,NA1_4487885638,100,15,4,4,1,0,0,15560,7.0,68,209,20,2,6,1,1,0,16964,7.2,41,254
235,NA1_4487868229,100,18,3,7,1,0,0,17273,6.8,62,187,21,2,4,1,1,0,15495,6.4,72,182
236,NA1_4487121222,100,13,3,4,1,1,0,15891,7.0,58,213,15,1,7,0,4,0,16817,7.2,53,219
237,NA1_4486975192,200,12,4,6,0,1,0,16099,6.6,55,184,22,0,11,1,1,0,18679,7.4,48,208
238,NA1_4486542023,200,15,2,6,0,1,0,15478,6.6,44,182,19,4,13,1,2,0,19287,7.4,39,192
239,NA1_4486191768,100,13,2,6,0,0,0,15191,6.4,40,152,16,1,15,0,7,0,21038,7.6,72,201
240,NA1_4486073950,100,13,1,9,0,3,0,18269,7.0,53,219,15,0,5,1,3,0,16332,7.0,44,223
241,NA1_4481927651,200,18,1,10,0,1,0,18250,7.0,52,214,12,4,6,0,0,0,17176,7.2,68,232
242,NA1_4478913889,200,17,7,3,1,3,0,15834,7.0,60,214,20,6,4,1,3,0,15617,7.0,60,199
243,NA1_4492149085,200,24,2,4,0,1,0,15588,6.6,52,200,18,4,9,1,6,0,18982,7.2,44,216
244,NA1_4490029334,100,17,18,7,1,3,0,18402,7.6,81,220,32,0,5,0,1,0,17654,7.0,53,237
245,NA1_4490001770,200,12,2,5,0,0,0,15154,6.6,48,185,13,2,10,1,4,0,18824,7.4,67,194
246,NA1_4481924217,200,13,1,6,1,0,0,17162,6.8,57,204,12,1,5,1,0,0,15613,6.4,41,244
247,NA1_4481906181,100,22,4,5,0,1,0,16229,6.8,48,220,62,2,3,0,1,0,15004,6.6,55,189
248,NA1_4481887418,200,9,4,3,0,5,0,16606,7.0,60,248,17,2,5,1,3,0,17131,7.2,60,237
249,NA1_4474169605,100,18,3,5,0,1,0,17022,7.4,60,234,20,3,7,1,1,0,16480,7.0,50,233
250,NA1_4473368584,100,10,2,6,1,5,0,17573,7.2,52,259,10,2,4,0,1,0,16701,7.4,75,211
251,NA1_4472650040,100,18,1,7,0,5,0,17975,7.0,64,218,10,4,4,0,0,0,15110,6.8,66,199
252,NA1_4496912757,100,12,5,5,1,2,0,16106,7.0,54,239,38,0,3,0,0,0,15111,6.8,60,212
253,NA1_4496722586,100,15,0,9,1,2,0,18011,7.2,52,240,13,1,6,0,0,0,16901,7.0,71,206
254,NA1_4496710535,100,14,0,10,1,0,0,17532,7.6,56,216,14,1,4,1,0,0,15915,6.8,60,217
255,NA1_4494682095,100,0,0,0,0,0,0,2715,1.0,0,6,0,0,0,0,0,0,2732,1.2,4,2
256,NA1_4492771660,100,15,1,7,0,2,0,16580,7.0,58,192,9,1,6,0,2,0,16944,7.0,69,233
257,NA1_4492735363,100,11,2,7,1,3,0,17365,7.4,53,226,15,2,1,0,2,0,14838,6.8,54,215
258,NA1_4492462420,100,18,2,3,1,0,0,15348,7.0,56,227,11,4,3,1,3,0,16042,7.0,60,251
259,NA1_4492453786,200,11,1,6,1,2,0,15622,6.8,54,188,12,2,6,0,3,0,17210,7.0,66,220
260,NA1_4492426803,200,15,1,6,0,4,0,17165,6.8,56,217,10,4,9,1,3,0,17298,7.0,58,183
261,NA1_4492791681,100,15,3,12,0,5,0,19784,7.4,42,208,27,2,5,1,2,0,16735,6.8,48,212
262,NA1_4492765943,100,19,2,6,0,0,0,16233,6.4,47,212,32,1,8,0,4,0,18040,6.6,40,206
263,NA1_4492681502,200,13,21,4,1,3,0,16544,7.2,67,230,57,4,3,0,2,0,15447,7.0,52,212
264,NA1_4492655457,100,15,11,8,0,2,0,17656,7.2,34,233,58,3,4,0,1,0,14807,6.6,38,207
265,NA1_4492633082,100,15,0,10,1,8,1,20757,7.0,68,220,34,3,6,0,0,0,16620,7.2,49,219
266,NA1_4492601774,100,32,4,4,1,4,0,16486,7.0,52,222,14,3,0,1,2,0,14879,6.8,79,250
267,NA1_4492574824,200,28,2,4,1,0,0,15685,6.8,57,184,22,2,3,1,4,0,15705,7.0,64,194
268,NA1_4492259443,200,33,0,7,0,4,0,18180,7.0,41,248,15,4,3,1,0,0,15029,6.8,56,228
269,NA1_4492246310,200,30,1,10,1,5,1,18661,6.6,48,194,17,5,4,1,3,0,16011,6.6,60,201
270,NA1_4476415340,200,45,2,2,0,0,0,13981,6.6,38,207,16,23,8,1,6,1,18615,6.8,51,224
271,NA1_4476392100,100,13,2,5,0,1,0,16839,7.2,80,214,54,5,5,1,2,0,16459,7.2,60,224
272,NA1_4476329000,200,13,2,2,0,1,0,14841,6.8,50,224,55,2,3,0,3,0,16524,7.6,64,240
273,NA1_4476325624,200,13,2,5,1,2,0,16791,7.0,69,222,58,3,4,1,3,0,15472,6.8,59,186
274,NA1_4476341962,200,16,2,5,1,6,0,17147,7.0,41,225,50,2,4,0,0,0,14510,6.6,48,209
275,NA1_4476308434,200,33,1,1,0,3,0,15802,7.4,76,250,13,18,2,2,0,0,15215,7.2,56,231
276,NA1_4472878799,200,15,4,3,1,1,0,15705,6.8,44,223,123,2,8,0,6,0,18379,7.2,40,208
277,NA1_4472846197,100,17,4,6,0,4,0,17661,7.0,40,226,60,0,10,1,0,0,17260,6.4,46,155
278,NA1_4472861433,200,33,5,4,0,3,0,15707,7.2,44,248,16,15,9,0,3,0,18354,7.0,56,230
279,NA1_4485575740,200,15,3,5,1,1,0,15820,6.8,55,204,61,4,3,0,0,0,15762,7.0,56,218
280,NA1_4479239986,100,39,4,7,0,8,0,18825,7.4,64,254,18,21,6,2,0,0,16669,7.2,76,208
281,NA1_4477192771,200,14,1,2,0,1,0,14680,6.6,36,239,52,4,7,1,3,0,18259,6.8,44,230
282,NA1_4476860681,100,18,0,11,0,2,0,19002,7.2,54,247,19,3,6,0,0,0,16924,6.6,47,220
283,NA1_4476796527,100,8,4,10,0,6,0,17934,7.0,36,248,20,0,5,1,0,0,15495,7.0,56,188
284,NA1_4476727343,100,16,1,7,0,4,0,17271,6.8,48,198,14,2,10,1,8,1,19681,6.8,46,225
285,NA1_4476722546,100,13,2,10,1,8,0,20082,7.4,75,214,15,1,5,0,4,0,17229,7.0,53,228
286,NA1_4475523042,200,16,2,2,0,0,0,14741,6.8,54,212,14,2,5,0,5,0,18002,7.2,60,258
287,NA1_4453136840,200,13,5,7,0,6,0,18199,7.0,42,228,15,1,8,2,5,1,18505,7.0,56,205
288,NA1_4470675308,100,15,1,19,1,8,0,23242,7.4,64,210,12,1,11,1,0,0,17851,6.6,48,176
289,NA1_4470682143,200,12,1,7,0,0,0,15545,6.6,60,172,13,2,11,1,3,0,18847,7.0,56,215
290,NA1_4470627480,200,160,4,8,1,5,0,19293,7.0,44,234,19,3,10,1,1,0,20079,7.4,76,212
291,NA1_4470170786,100,20,0,10,0,4,0,19869,7.0,61,212,15,2,7,1,6,0,17771,6.6,45,184
292,NA1_4470127063,200,14,4,9,0,2,0,17200,6.6,40,176,21,4,11,2,5,0,18523,7.0,32,216
293,NA1_4470104118,200,12,6,6,1,1,0,15544,6.2,41,195,22,2,13,1,5,1,20756,6.6,45,184
294,NA1_4470069715,100,15,4,7,1,2,0,18421,7.0,57,250,15,3,4,1,1,0,15819,6.8,61,230
295,NA1_4470066335,100,14,5,4,1,2,0,15454,6.6,37,211,13,3,4,0,2,0,15166,6.8,38,198
296,NA1_4470055038,100,15,2,8,2,2,0,18665,7.4,71,248,14,1,0,0,0,0,12746,6.0,20,222
297,NA1_4500497137,100,4,2,9,0,0,0,13215,5.4,44,109,6,0,3,0,0,0,9613,4.6,36,83
298,NA1_4498967366,200,88,3,3,0,1,0,15669,6.8,60,233,14,4,3,0,0,0,15253,6.8,56,223
299,NA1_4496279762,200,19,3,2,0,1,0,15347,7.0,56,237,18,4,9,1,1,0,18142,7.0,53,231
300,NA1_4492789519,200,10,7,6,0,2,0,16555,7.2,57,271,19,1,3,2,1,0,15504,6.4,52,205
301,NA1_4492646074,200,13,4,6,2,0,0,16714,7.0,61,222,17,3,4,0,1,0,15887,7.0,66,233
302,NA1_4492633213,200,2,0,0,0,0,0,3364,1.4,0,18,4,1,1,0,0,0,4065,1.6,8,15
303,NA1_4492606145,100,22,1,8,0,1,0,17203,7.0,52,197,11,4,4,0,2,0,15918,7.2,54,198
304,NA1_4492040229,200,15,0,2,0,1,0,14610,6.8,55,223,65,3,4,1,1,0,16658,7.0,73,225
305,NA1_4491979261,200,15,2,7,1,0,0,17036,6.8,60,208,16,1,12,0,3,0,19694,7.2,56,219
306,NA1_4503414853,100,25,2,3,1,5,0,16553,7.0,76,237,12,0,2,0,0,0,14845,7.0,52,226
307,NA1_4498841379,200,9,3,7,0,4,0,17197,6.8,44,207,20,4,7,2,0,0,16727,6.8,56,202
308,NA1_4498822178,200,12,3,3,1,0,0,15089,6.6,53,216,20,5,11,1,1,0,18515,7.2,54,201
309,NA1_4498799099,200,15,5,8,1,4,0,17678,7.0,48,223,23,5,6,0,3,0,17778,7.0,52,234
310,NA1_4498779392,200,22,4,4,2,0,0,16371,7.0,62,223,21,1,6,0,2,0,17308,6.8,50,228
311,NA1_4498767206,100,13,1,13,0,5,0,20186,7.4,55,221,26,5,11,0,4,0,20200,7.2,59,196
312,NA1_4498746329,200,15,2,9,0,2,0,18470,6.8,51,197,15,1,10,1,2,0,17654,6.2,45,184
313,NA1_4485888874,200,18,3,4,0,2,0,16636,7.2,63,255,14,4,1,0,0,0,13718,6.8,51,215
314,NA1_4485878825,100,21,2,10,0,3,0,18942,6.8,57,251,13,2,8,0,0,0,16989,6.4,35,198
315,NA1_4504881695,100,12,0,4,1,8,1,15576,6.2,50,188,3,0,2,0,0,0,9703,4.0,24,82
316,NA1_4504859494,100,12,4,11,0,4,0,19573,6.8,48,220,16,1,9,1,1,0,16814,6.4,44,168
317,NA1_4501671125,200,246,0,9,1,1,0,17412,7.2,44,180,13,2,7,1,2,0,17503,6.8,52,208
318,NA1_4501639381,100,16,1,7,1,2,0,16865,6.8,70,198,53,3,6,0,1,0,16358,7.0,48,226
319,NA1_4492860591,200,18,3,6,0,3,0,16663,6.6,50,200,11,3,6,0,3,0,16869,7.0,52,214
320,NA1_4485632353,200,44,6,4,2,4,0,15964,6.6,48,217,16,1,5,0,0,0,16565,7.0,68,221
321,NA1_4481618965,100,15,2,9,2,5,0,19562,7.0,56,262,21,4,2,0,0,0,14528,6.4,52,186
322,NA1_4480681700,100,39,3,11,1,5,0,18894,7.2,52,217,16,1,3,0,1,0,14864,6.6,44,211
323,NA1_4480636159,200,14,2,5,1,2,0,16680,6.8,44,217,60,3,14,0,2,0,19937,7.2,58,205
324,NA1_4504571934,100,15,3,6,1,1,0,17358,7.0,72,208,16,4,10,0,1,0,18461,7.2,60,209
325,NA1_4503965016,100,31,2,6,0,2,0,17185,7.2,60,224,13,2,7,0,2,0,17359,7.4,56,214
326,NA1_4503927744,100,14,2,8,0,0,0,18202,7.0,52,185,18,2,13,0,3,0,19382,7.4,56,215
327,NA1_4503770359,200,11,2,6,1,1,0,16803,7.6,41,241,13,0,6,0,2,0,18035,7.4,50,276
328,NA1_4503729560,100,14,0,11,0,5,0,19697,7.0,70,204,13,3,11,1,2,0,18694,6.8,61,166
329,NA1_4503697651,100,13,0,9,0,0,0,17508,6.8,56,186,23,2,10,2,4,0,18789,7.2,52,221
330,NA1_4503677550,100,32,1,7,0,5,0,17515,6.8,52,199,13,2,6,1,1,0,16189,6.6,72,198
331,NA1_4503656148,200,14,5,4,0,2,0,16136,6.8,47,239,12,0,4,0,0,0,15573,6.8,52,215
332,NA1_4503624303,100,9,2,11,1,2,0,18667,7.4,64,223,14,1,3,0,2,0,15204,6.8,55,220
333,NA1_4474308930,200,14,2,8,0,2,0,17234,6.8,54,231,54,4,16,1,2,0,19529,7.0,38,224
334,NA1_4474336432,100,12,1,9,0,4,0,18533,7.4,48,251,13,1,5,0,0,0,17098,7.0,68,235
335,NA1_4471297341,200,13,0,9,0,1,0,17580,7.2,60,191,13,2,10,1,2,0,19238,7.2,68,246
336,NA1_4468667194,200,9,2,10,0,1,0,18706,7.4,54,224,15,2,12,0,2,0,20069,7.6,52,226
337,NA1_4468620608,200,13,2,5,0,0,0,16120,7.0,58,221,11,1,5,0,2,0,16595,7.0,61,236
338,NA1_4468559106,100,14,1,6,0,0,0,17278,7.0,60,230,60,1,4,0,1,0,16246,7.2,76,230
339,NA1_4449621803,100,15,2,9,0,5,0,18812,7.0,33,244,13,1,5,1,1,0,16097,6.6,57,180
340,NA1_4449619802,100,4,0,1,0,0,0,4790,2.6,16,36,0,0,3,0,0,0,5527,2.2,4,18
341,NA1_4449593359,100,14,4,10,0,2,0,18093,7.0,50,203,14,1,6,2,1,0,15955,6.8,66,177
342,NA1_4491957269,200,15,3,4,0,1,0,15313,6.8,49,221,15,5,9,1,6,0,19395,7.4,48,247
343,NA1_4484132082,200,16,2,8,0,2,0,17731,6.8,52,217,58,7,8,1,0,0,17348,7.2,64,190
344,NA1_4472422002,100,17,1,5,0,2,0,15878,7.0,64,188,13,6,12,0,3,0,18938,7.0,48,217
345,NA1_4472376496,100,12,0,9,1,9,1,19939,7.4,72,225,8,0,3,0,1,0,13411,6.0,33,176
346,NA1_4452350079,200,23,3,7,0,3,0,17522,6.8,53,219,17,3,7,0,1,0,17026,6.8,56,187
347,NA1_4452256854,200,11,2,5,1,0,0,16234,6.8,76,208,15,1,5,0,0,0,15385,6.8,48,217
348,NA1_4452262792,100,12,2,10,1,2,0,17415,7.2,49,246,12,2,5,0,1,0,16343,7.0,66,221
349,NA1_4452188566,200,9,2,4,1,3,0,15872,7.2,48,222,19,1,4,1,3,0,16676,6.8,61,222
350,NA1_4452184346,200,28,4,6,0,3,0,17221,6.8,50,237,13,1,9,0,4,0,17699,6.8,37,220
351,NA1_4502517389,200,14,2,2,0,3,0,14855,6.8,56,226,14,2,10,1,3,0,18556,7.0,48,196
352,NA1_4502493756,100,18,2,15,0,6,0,22026,7.0,40,231,19,0,9,0,0,0,16457,5.8,60,141
353,NA1_4501692806,100,36,1,2,1,3,0,15520,6.8,55,212,30,1,4,0,2,0,15329,7.2,60,204
354,NA1_4501610066,200,14,3,3,1,2,0,15143,6.0,44,191,58,2,9,1,4,0,18067,7.2,56,216
355,NA1_4501575327,200,18,1,4,0,1,0,16248,6.6,53,215,13,5,6,2,1,0,16415,7.0,56,211
356,NA1_4501540276,100,142,4,8,2,1,0,17559,7.0,51,206,22,2,5,0,3,0,17712,7.0,71,241
357,NA1_4500709159,200,10,1,6,0,2,0,16204,6.6,48,195,62,0,9,2,3,0,18794,7.2,76,226
358,NA1_4500675514,100,15,0,9,1,6,0,19401,7.2,48,246,13,1,4,0,1,0,15983,6.6,60,186
360,NA1_4498118897,200,36,1,6,0,3,0,16694,6.6,48,196,36,2,9,1,1,0,17393,7.4,56,216
361,NA1_4498091039,100,15,2,11,1,10,1,21574,7.2,56,224,54,1,5,1,1,0,16123,6.8,56,178
362,NA1_4498063018,100,60,3,11,0,2,0,18669,6.8,58,181,56,3,6,2,5,0,17390,6.6,52,219
363,NA1_4496822456,100,13,2,3,1,0,0,15413,6.8,48,231,60,1,3,0,1,0,15608,7.0,64,216
364,NA1_4483803637,100,1,0,2,0,0,0,5175,2.4,4,45,2,0,2,0,0,0,4502,2.0,12,19
365,NA1_4482928929,200,14,0,5,1,1,0,15687,6.8,51,196,11,2,6,0,0,0,16996,7.0,56,219
366,NA1_4481310868,100,17,0,2,1,3,0,17185,7.2,74,284,53,3,2,1,0,0,15028,6.8,40,234
367,NA1_4481226441,100,13,1,6,1,3,0,17053,7.0,60,220,14,1,5,0,0,0,16358,6.8,60,221
368,NA1_4473690394,200,13,0,6,0,2,0,17383,7.0,63,212,12,1,4,0,4,0,16105,6.8,59,205
369,NA1_4501482260,100,15,1,10,1,2,0,18118,7.0,52,207,14,3,6,0,0,0,16427,7.0,55,193
370,NA1_4501445313,100,14,1,9,1,3,0,18927,7.4,70,246,14,2,6,1,0,0,16899,7.0,50,212
371,NA1_4501416939,100,13,3,7,2,0,0,17816,6.8,64,223,16,1,7,0,3,0,17446,6.8,59,199
372,NA1_4500467629,100,13,3,8,2,3,0,18497,7.2,64,229,14,2,4,0,2,0,16145,7.0,60,228
373,NA1_4500451250,100,13,2,4,1,4,0,16644,6.8,56,209,16,3,6,1,0,0,15947,6.8,48,186
374,NA1_4500423971,100,9,0,6,0,0,0,16608,6.8,56,169,10,2,12,1,5,0,19794,7.6,56,262
375,NA1_4500130889,100,18,1,3,0,2,0,16038,7.0,65,221,15,1,4,2,0,0,15631,6.8,64,209
376,NA1_4500112790,200,11,1,10,0,6,0,19595,7.2,64,199,15,1,10,1,6,0,19110,7.0,59,186
377,NA1_4500090272,200,16,1,5,0,1,0,15424,6.8,44,177,15,6,10,0,7,1,20565,7.2,60,243
378,NA1_4492968848,200,16,1,7,0,3,0,16797,7.0,29,224,129,3,8,1,2,0,17750,7.2,62,242
379,NA1_4492925353,100,14,3,6,2,4,0,17696,7.0,56,245,16,3,4,0,1,0,15805,6.6,47,214
380,NA1_4492894308,100,17,4,8,1,2,0,17871,7.2,52,245,15,1,1,0,1,0,13988,6.6,57,203
381,NA1_4492860276,100,10,1,10,1,7,0,20150,7.2,55,214,11,0,4,1,1,0,14370,6.6,52,166
382,NA1_4492835022,200,11,1,6,0,4,0,16573,7.0,52,217,26,3,5,1,0,0,15948,6.8,56,202
383,NA1_4492804010,100,13,2,6,1,3,0,17687,7.2,56,258,11,3,2,0,0,0,14390,6.6,50,225
384,NA1_4492757413,100,13,9,4,0,0,0,15883,6.8,52,232,37,2,3,1,1,0,15298,6.8,40,221
385,NA1_4492730807,200,18,2,6,0,1,0,15863,7.0,55,198,15,1,8,2,1,0,17466,7.0,56,202
386,NA1_4492696330,100,18,2,9,2,2,0,18179,6.8,64,187,6,2,1,0,4,0,15293,6.6,64,245
387,NA1_4486074326,200,20,2,7,1,3,0,17317,7.4,51,235,16,1,5,0,1,0,16311,7.0,56,224
388,NA1_4486058782,100,12,1,5,0,3,0,17054,7.0,52,230,16,2,8,1,3,0,18047,7.0,56,233
389,NA1_4479638392,100,41,4,6,0,5,0,17174,7.0,55,235,20,16,5,0,1,0,15223,6.0,40,174
390,NA1_4479623156,200,12,3,8,1,1,0,17374,6.6,60,203,18,0,9,0,4,0,17785,7.2,80,200
391,NA1_4479610546,200,15,3,8,0,3,0,17581,7.0,53,220,20,2,7,1,2,0,16858,6.6,57,190
392,NA1_4479549638,200,23,1,5,0,0,0,15562,7.2,68,186,149,1,7,2,4,0,18479,7.2,76,223
393,NA1_4479386404,100,14,5,3,1,2,0,16907,7.0,64,237,20,6,2,0,2,0,16120,7.2,64,244
394,NA1_4479411215,200,17,4,5,1,0,0,15835,7.0,48,217,13,1,4,1,2,0,16569,7.4,80,228
395,NA1_4479350317,100,15,3,7,0,0,0,17172,6.8,51,198,19,0,7,0,1,0,17134,6.8,36,221
396,NA1_4489553175,200,79,7,2,0,2,0,15512,6.6,48,261,21,2,2,1,2,0,16533,7.4,91,237
397,NA1_4489541210,200,16,1,4,1,1,0,14767,6.2,45,171,15,3,17,0,7,0,21043,7.6,58,234
398,NA1_4488748238,200,46,2,5,0,0,0,16025,7.0,66,177,17,1,6,0,5,0,16378,6.8,49,189
399,NA1_4488693426,100,18,0,4,1,4,0,17751,7.2,62,248,48,0,2,1,0,0,14883,7.0,49,211
400,NA1_4488688830,100,18,2,12,1,7,1,21615,6.8,41,199,14,7,12,0,4,0,18363,6.8,40,176
401,NA1_4481018643,100,19,4,3,0,4,0,16219,7.0,76,232,15,6,2,0,0,0,15221,7.0,60,236
402,NA1_4478432137,100,10,1,14,1,3,0,20376,7.0,50,182,14,0,10,1,2,0,18360,6.8,47,203
403,NA1_4478217604,200,11,0,3,0,0,0,15045,6.8,52,205,60,5,15,0,5,1,21415,7.6,68,197
404,NA1_4478183206,100,15,1,5,0,0,0,16471,6.6,68,205,12,3,6,0,1,0,15386,6.0,51,181
405,NA1_4503459310,200,20,5,9,2,3,0,18202,7.4,68,204,17,2,11,0,5,0,20098,7.4,68,209
406,NA1_4503449409,100,53,4,12,0,2,0,18253,7.2,63,213,17,1,4,1,2,0,15542,6.4,47,203
407,NA1_4503157627,100,23,1,13,1,2,0,19121,7.2,68,204,15,0,8,1,0,0,16578,6.4,40,190
408,NA1_4503113168,100,12,4,5,1,4,0,17176,6.8,68,232,19,0,7,0,0,0,16008,7.2,66,190
409,NA1_4503066423,200,20,1,2,0,0,0,15702,7.2,72,250,14,1,3,0,1,0,15448,7.0,60,228
410,NA1_4502952112,100,17,4,3,2,2,0,16558,7.2,68,221,15,2,8,0,3,0,17611,7.2,44,197
411,NA1_4502931813,100,13,3,8,1,1,0,17254,7.2,64,193,9,1,9,1,1,0,17458,7.4,60,195
412,NA1_4502900599,200,146,5,5,1,6,0,17654,7.2,74,217,15,1,7,0,0,0,17370,7.0,66,209
413,NA1_4502876459,100,19,4,5,1,0,0,16409,7.2,56,202,14,3,3,0,2,0,16147,7.2,68,258
414,NA1_4502893854,100,13,2,4,1,6,0,17492,6.8,68,205,12,0,6,0,3,0,17037,6.4,64,198
415,NA1_4502151874,100,14,3,5,1,1,0,16793,7.2,60,241,15,1,3,0,2,0,16419,7.2,64,237
416,NA1_4502122201,100,40,0,3,2,3,0,15589,7.2,84,183,12,17,7,0,1,0,17028,7.0,44,208
417,NA1_4502017308,200,13,3,4,0,4,0,16735,7.2,56,229,16,0,1,1,2,0,14966,6.8,60,239
418,NA1_4501999157,200,16,1,4,2,3,0,15868,6.8,52,218,13,1,6,0,1,0,16675,6.8,64,206
419,NA1_4501364127,200,19,3,13,0,3,0,19411,7.4,56,213,58,2,10,1,0,0,20207,6.8,55,182
420,NA1_4500604092,100,14,4,9,0,5,0,18063,6.8,40,201,96,2,8,1,0,0,16874,7.0,60,185
421,NA1_4500576070,100,15,2,8,0,2,0,17158,6.4,44,186,14,1,7,1,3,0,16418,6.8,48,210
422,NA1_4500538377,100,17,1,10,1,4,0,19828,7.2,52,236,16,1,8,1,0,0,17783,7.2,76,214
423,NA1_4472798329,200,12,6,5,0,0,0,15931,7.0,56,219,15,3,7,1,4,0,17235,7.0,53,218
424,NA1_4472802790,200,32,1,8,1,0,0,17048,6.6,61,200,82,3,13,0,2,0,19398,7.0,50,203
425,NA1_4472779440,200,34,2,6,0,1,0,15782,6.0,44,160,33,2,10,0,3,0,18566,6.8,64,193
426,NA1_4472756324,100,16,2,5,1,4,0,17026,7.0,70,222,63,2,5,0,2,0,16085,6.8,48,209
427,NA1_4472773646,100,15,4,8,1,7,0,18107,7.0,64,214,12,4,9,1,2,0,17685,7.0,43,228
428,NA1_4472751329,200,18,3,6,0,0,0,16577,7.2,46,216,21,1,8,1,2,0,17582,7.0,59,201
429,NA1_4472720044,100,23,3,9,1,1,0,18392,7.4,85,191,16,3,6,0,3,0,16688,6.6,29,223
430,NA1_4465573622,100,36,3,8,0,1,0,17322,6.8,68,173,38,1,5,0,0,0,15832,6.6,68,206
431,NA1_4465529922,100,19,0,5,1,9,1,17985,6.6,44,218,12,1,2,1,2,0,14586,6.6,68,196
432,NA1_4504165774,100,13,2,5,1,1,0,16766,7.0,72,217,13,2,4,0,2,0,16561,7.0,44,242
433,NA1_4504139319,100,18,2,4,1,6,1,17737,6.8,72,192,90,0,5,1,1,0,15992,7.2,64,197
434,NA1_4504121986,100,20,4,13,1,1,0,19014,7.0,56,172,205,3,6,0,1,0,15900,6.4,48,185
435,NA1_4504092979,100,12,2,7,1,5,0,17611,7.2,64,232,10,2,3,1,0,0,15100,6.8,56,206
436,NA1_4504064974,200,17,2,1,1,0,0,13775,6.6,64,203,15,2,5,0,0,0,17016,7.2,80,227
437,NA1_4503378779,100,17,1,7,1,2,0,18013,7.2,79,199,18,1,8,0,1,0,16749,7.2,59,213
438,NA1_4503356509,100,10,3,8,1,4,0,17411,6.8,40,215,12,0,7,0,0,0,16333,6.8,67,186
439,NA1_4503315143,100,13,1,8,2,4,0,19122,7.0,64,201,15,1,7,0,0,0,17200,7.0,60,219
440,NA1_4503288067,100,37,3,8,1,3,0,17055,6.8,43,170,16,13,12,0,5,0,18672,7.0,48,198
441,NA1_4502003472,100,39,6,6,0,2,0,17249,7.0,44,264,19,1,5,0,1,0,15471,6.6,52,206
442,NA1_4492816938,100,10,5,7,0,2,0,17611,7.6,56,242,14,1,7,0,2,0,17273,6.8,50,205
443,NA1_4492772415,200,14,3,8,1,0,0,17405,7.0,44,196,15,1,11,0,1,0,19594,7.0,56,231
444,NA1_4491140233,200,16,1,10,1,2,0,18727,6.8,44,175,14,5,12,0,4,0,19492,6.8,42,190
445,NA1_4491121888,100,14,0,11,1,5,0,19057,7.2,38,211,14,2,2,0,0,0,14097,6.6,54,174
446,NA1_4486560815,200,13,1,7,0,2,0,17243,6.8,56,216,19,3,11,1,3,0,18275,7.4,56,176
447,NA1_4486506927,200,17,2,4,2,3,0,15823,6.8,60,202,14,4,3,0,5,0,15988,7.0,48,225
448,NA1_4486439426,100,21,1,6,2,5,0,17326,6.8,64,208,9,0,2,0,1,0,14233,6.8,53,197
449,NA1_4486404263,200,12,0,5,1,2,0,16145,6.4,64,184,20,0,6,0,4,0,17490,7.0,60,217
450,NA1_4504718143,200,14,2,14,1,6,0,20479,6.8,56,193,14,3,13,1,3,0,20003,7.0,67,176
451,NA1_4504565511,200,13,2,6,0,0,0,16518,7.0,66,205,17,2,12,2,5,0,20953,7.2,56,201
452,NA1_4504528985,100,11,1,8,0,3,0,17100,6.8,72,202,33,3,5,0,2,0,16752,6.8,48,218
453,NA1_4504506735,100,23,3,6,1,4,0,17393,7.0,68,204,16,5,7,1,2,0,17464,6.6,52,177
454,NA1_4503965918,100,13,0,9,0,6,0,19265,7.0,60,226,11,0,6,2,3,0,18197,7.4,72,246
455,NA1_4503884797,100,13,4,5,0,2,0,15574,7.2,48,215,12,1,13,0,6,0,19821,7.4,39,206
456,NA1_4503821656,200,12,2,5,0,0,0,14589,6.8,60,146,19,0,8,1,4,0,17542,6.8,46,242
457,NA1_4503791337,200,12,6,5,0,3,0,16207,7.0,60,218,19,3,8,0,5,0,18485,7.2,46,231
458,NA1_4503763114,200,15,2,6,0,3,0,16408,7.0,45,222,14,0,4,0,2,0,16404,6.6,52,202
459,NA1_4488083674,100,10,2,8,0,1,0,16952,7.0,56,212,15,1,7,0,2,0,17759,6.8,48,215
460,NA1_4480839513,200,15,10,6,0,0,0,16602,7.0,62,187,39,2,10,1,5,0,18942,7.4,58,226
461,NA1_4470658177,100,10,2,6,1,3,0,17589,7.2,75,236,15,1,2,0,0,0,14208,6.8,51,209
462,NA1_4460232896,100,15,1,6,0,2,0,16385,7.0,52,213,15,1,7,1,3,0,16925,7.2,53,205
463,NA1_4460189039,200,12,1,3,0,1,0,14842,6.8,52,225,19,1,6,1,1,0,17192,7.2,63,253
464,NA1_4446367536,100,19,3,12,0,4,0,19010,7.4,57,233,14,3,6,1,1,0,15822,6.4,48,168
465,NA1_4446385765,100,16,4,12,0,4,0,18973,7.0,40,228,14,1,8,0,1,0,17467,7.0,63,193
466,NA1_4424303117,200,13,2,4,1,2,0,15512,7.0,56,196,13,1,5,0,1,0,15680,7.4,56,211
467,NA1_4424258722,100,18,2,10,2,2,0,18338,7.2,63,189,15,3,6,0,1,0,16125,7.0,40,190
468,NA1_4498378727,100,39,1,6,1,3,0,16575,7.0,48,210,179,5,6,1,2,0,16618,7.0,48,205
469,NA1_4498358276,100,15,1,10,2,3,0,19411,7.4,72,224,13,2,5,0,0,0,16250,7.0,68,203
470,NA1_4498169708,200,15,6,4,0,0,0,16063,7.0,52,224,41,2,4,1,0,0,15438,7.2,72,195
471,NA1_4492368387,200,12,3,1,0,0,0,13838,6.6,34,226,18,3,6,1,2,0,18518,7.2,75,237
472,NA1_4491724965,200,17,4,5,1,0,0,15907,6.8,53,201,18,0,8,1,3,0,18892,7.0,56,228
473,NA1_4491326227,100,18,0,12,0,4,0,20042,7.2,72,202,12,4,6,1,4,0,17215,6.4,51,228
474,NA1_4491310228,200,13,1,3,1,2,0,15069,6.8,69,205,13,4,5,1,1,0,16429,6.8,61,213
475,NA1_4491289293,200,29,5,7,0,3,0,17517,7.0,64,220,15,2,8,0,3,0,17425,6.8,48,215
476,NA1_4491266429,100,14,4,10,1,3,0,19667,7.4,61,236,16,1,7,1,1,0,17423,7.0,68,213
477,NA1_4504581137,200,1,0,0,0,0,0,2500,1.0,0,0,0,0,0,0,0,0,2585,1.2,4,0
478,NA1_4504340032,100,13,1,6,0,2,0,17508,7.2,63,227,14,1,7,0,2,0,17549,7.2,60,223
479,NA1_4504318651,200,10,1,7,2,4,0,17872,6.8,64,185,12,3,11,0,4,0,20348,7.2,72,233
480,NA1_4503378738,100,13,0,5,1,1,0,16447,7.0,72,207,17,2,6,1,4,0,16901,7.4,64,220
481,NA1_4502651339,200,15,0,9,1,3,0,18733,7.2,60,211,14,3,9,1,2,0,16515,7.2,59,202
482,NA1_4502468614,200,16,2,7,1,4,0,17339,6.6,42,208,16,2,11,1,2,0,18558,7.4,56,213
483,NA1_4502328279,100,14,1,14,1,5,0,20450,7.6,57,234,14,1,2,0,0,0,13130,6.2,46,166
484,NA1_4502297487,200,12,2,8,0,2,0,17505,6.4,48,171,23,4,12,1,4,0,18231,7.0,64,189
485,NA1_4502259625,100,13,2,13,1,4,0,20741,7.0,67,212,13,1,11,1,3,0,18744,7.0,52,203
486,NA1_4491448858,200,16,2,8,1,2,0,17665,6.8,60,204,95,3,7,1,1,0,16397,6.8,53,187
487,NA1_4491427101,200,17,4,5,1,1,0,16449,6.8,44,207,61,4,7,1,3,0,18415,7.2,69,229
488,NA1_4490615532,200,47,2,5,0,3,0,15959,7.0,56,186,18,1,9,0,2,0,17740,7.4,56,206
489,NA1_4489556026,200,18,4,9,1,2,0,17474,7.2,48,208,10,1,5,1,1,0,16712,7.4,64,206
490,NA1_4489534446,100,14,4,3,2,0,0,14973,7.0,60,198,17,0,5,0,0,0,15472,7.2,68,216
491,NA1_4489502306,100,14,2,8,0,3,0,18200,6.8,55,202,16,2,11,2,2,0,18392,6.8,44,199
492,NA1_4489490310,100,16,2,5,2,5,1,18542,7.2,68,232,14,2,5,0,4,0,16151,6.6,46,223
493,NA1_4489488744,100,41,4,7,1,0,0,16312,6.4,46,185,34,5,9,0,3,0,19146,6.8,52,234
494,NA1_4489471505,100,18,4,7,0,4,0,17272,7.2,52,209,20,1,5,1,1,0,15597,6.6,51,196
495,NA1_4503904006,100,32,0,9,1,1,0,18041,7.2,76,199,15,5,3,0,1,0,15021,6.8,56,214
496,NA1_4502056152,200,18,2,5,0,1,0,15537,7.0,56,206,13,3,4,1,4,0,16723,7.0,71,218
497,NA1_4502039847,200,18,4,13,0,7,0,21245,7.4,54,244,15,1,7,0,2,0,16543,7.0,44,171
498,NA1_4501907522,100,10,2,7,1,0,0,17103,7.4,68,240,13,1,3,0,1,0,15088,7.0,53,241
499,NA1_4501803643,100,26,1,9,0,2,0,18540,7.0,64,224,13,2,6,1,0,0,16511,7.2,60,214
500,NA1_4501490409,200,15,3,5,2,1,0,17057,7.0,72,218,17,2,7,0,0,0,16425,7.2,64,191
501,NA1_4501457343,100,17,2,7,1,4,0,17807,7.0,48,211,15,5,4,1,3,0,14958,6.8,62,187
502,NA1_4501340118,200,14,4,11,0,2,0,18153,6.6,40,185,15,2,16,1,4,0,21742,7.4,64,191
503,NA1_4501263166,100,15,6,6,0,1,0,17603,7.0,54,236,58,1,6,2,1,0,16488,7.0,61,203
504,NA1_4503883306,200,14,2,7,1,3,0,17976,7.2,68,212,16,1,11,0,0,0,18730,7.4,68,211
505,NA1_4503225626,200,13,3,6,0,0,0,15986,6.8,64,174,20,2,6,1,3,0,17873,7.6,68,243
506,NA1_4502827954,100,12,2,4,0,0,0,16448,7.2,68,251,15,3,3,1,3,0,16309,7.0,66,220
507,NA1_4502378985,100,12,3,6,1,1,0,16849,7.0,58,210,16,3,8,1,4,0,18837,7.0,69,214
508,NA1_4500717946,200,18,6,8,1,4,0,17926,6.6,48,199,17,5,12,0,2,0,19041,6.6,60,187
510,NA1_4500384428,200,23,4,6,1,0,0,16719,7.2,68,214,13,3,8,0,3,0,18764,7.6,72,251
511,NA1_4499267484,100,40,1,11,0,3,0,19859,7.6,50,248,13,11,7,0,0,0,16649,6.8,60,180
512,NA1_4498313936,200,15,5,4,1,1,0,16326,7.0,68,211,21,6,7,1,4,0,18534,7.4,59,234
513,NA1_4491349220,100,13,4,7,1,1,0,17795,7.2,60,240,25,0,3,0,1,0,15327,6.8,56,229
514,NA1_4491335291,100,12,2,9,0,1,0,17976,7.0,54,223,17,5,7,1,1,0,17715,7.2,74,224
515,NA1_4478908869,100,149,4,5,1,2,0,16229,7.0,60,224,98,1,6,0,0,0,16401,7.0,60,186
516,NA1_4478620599,100,30,2,8,0,7,1,19769,7.0,48,250,168,2,4,0,2,0,14923,6.6,64,164
517,NA1_4477792353,200,1,0,1,0,0,0,4688,2.4,16,26,0,0,1,0,0,0,4997,2.6,24,31
518,NA1_4477790439,200,16,3,2,0,1,0,14390,6.6,72,189,117,6,7,1,6,0,18647,7.2,53,254
519,NA1_4475518760,200,182,2,8,0,1,0,17163,6.2,52,183,14,2,14,1,5,0,20065,6.6,44,205
520,NA1_4475525255,100,81,3,8,0,3,0,18510,7.4,79,218,39,1,8,0,1,0,17657,6.8,48,216
521,NA1_4474529281,100,179,2,11,1,2,0,18548,7.4,48,229,13,3,7,0,0,0,16070,6.6,28,207
522,NA1_4475877612,100,18,0,9,1,2,0,18860,7.0,52,230,19,3,5,0,1,0,17153,7.2,59,220
523,NA1_4474559436,200,70,3,6,1,0,0,15126,7.0,56,169,47,2,7,0,2,0,16797,7.0,47,208
524,NA1_4474553059,200,25,5,0,1,1,0,14843,6.8,72,242,13,4,4,1,2,0,16292,7.2,57,252
525,NA1_4450314512,100,16,3,11,0,2,0,18633,7.2,65,215,11,2,2,0,2,0,14950,6.8,58,218
526,NA1_4416172632,100,13,1,6,1,2,0,15769,6.6,67,182,16,2,2,1,0,0,15456,6.8,73,229
527,NA1_4414009370,100,27,4,6,0,2,0,16758,6.6,51,215,63,6,9,0,1,0,18419,7.2,72,215
528,NA1_4400358901,200,8,16,5,0,1,0,16329,7.0,57,210,45,2,6,1,6,0,17031,7.0,55,229
529,NA1_4399397919,100,13,2,12,1,6,0,20738,6.8,59,195,16,0,10,0,3,0,17392,6.4,32,179
530,NA1_4399414123,100,18,1,5,0,4,0,17508,7.2,74,240,12,4,4,1,1,0,15887,7.0,52,219
531,NA1_4502986532,200,17,1,4,0,2,0,15949,6.8,56,210,44,0,7,2,0,0,16523,6.8,60,207
532,NA1_4498978538,200,13,2,10,1,3,0,18603,7.2,64,218,13,4,8,1,1,0,16975,6.6,56,195
533,NA1_4498815559,200,13,1,4,1,1,0,16233,7.0,65,228,12,2,5,1,2,0,16173,7.2,58,213
534,NA1_4498786462,100,15,3,8,0,4,0,18459,7.2,60,223,15,2,6,0,2,0,16119,7.0,56,190
535,NA1_4498744827,100,16,2,4,0,1,0,16039,7.0,68,215,12,1,4,1,2,0,15697,6.8,56,215
536,NA1_4498718523,100,12,2,5,1,1,0,15908,7.0,44,215,18,2,0,0,2,0,14233,6.6,76,211
537,NA1_4498706420,100,11,4,5,1,1,0,16109,7.2,56,204,15,2,2,1,1,0,15189,7.0,68,225
538,NA1_4498696998,100,13,4,8,2,1,0,18010,7.2,64,218,105,0,7,0,1,0,18211,7.2,60,227
539,NA1_4496555025,200,23,0,4,1,0,0,16372,6.8,49,200,13,5,7,1,2,0,16807,6.8,46,224
540,NA1_4493597012,200,15,2,6,1,3,0,18238,7.4,72,229,15,1,8,0,1,0,17153,6.8,48,240
541,NA1_4493549178,200,18,4,7,0,0,0,16131,6.8,52,206,16,3,9,0,2,0,18580,7.0,63,223
542,NA1_4493507336,100,24,0,9,0,1,0,18457,7.0,54,212,13,1,14,0,2,0,19802,7.2,40,210
543,NA1_4492876223,100,23,4,11,1,2,0,18631,7.4,52,214,23,2,5,0,3,0,15884,6.6,42,199
544,NA1_4492840444,100,21,3,7,0,4,0,17586,7.0,57,185,18,2,7,1,2,0,16538,7.0,51,226
545,NA1_4492811372,200,12,0,1,1,0,0,14419,7.0,62,199,16,1,8,1,2,0,18286,7.4,61,248
546,NA1_4492773587,100,45,3,7,1,1,0,17179,7.4,60,194,16,15,9,0,5,1,19226,7.2,60,220
547,NA1_4492754808,100,16,3,11,1,6,0,20674,7.4,75,232,13,4,5,0,1,0,15065,6.6,36,187
548,NA1_4491736715,200,20,2,2,0,1,0,15630,6.8,76,233,12,3,3,2,0,0,15065,7.2,68,201
549,NA1_4492411545,200,10,0,2,0,0,0,13782,6.2,55,181,55,1,6,2,7,0,18245,7.0,64,234
550,NA1_4492406868,200,14,0,2,0,1,0,14511,6.6,62,201,9,0,2,1,4,0,15295,7.0,74,225
551,NA1_4491839924,100,12,1,4,1,2,0,15673,6.8,55,223,16,3,1,1,0,0,15000,7.2,66,254
552,NA1_4491754704,200,17,2,4,0,1,0,15046,6.4,56,163,15,4,9,0,2,0,18284,6.8,41,235
553,NA1_4491716763,200,19,4,2,0,1,0,14617,6.8,48,224,13,1,6,0,2,0,16441,6.6,36,201
554,NA1_4491686808,200,11,3,5,0,2,0,16253,6.8,64,221,16,2,7,1,0,0,17225,6.8,64,223
555,NA1_4491500085,200,15,3,4,0,0,0,14318,6.4,56,159,17,3,9,0,4,0,18354,6.8,59,213
556,NA1_4491477630,100,21,1,7,0,8,0,18669,7.4,76,226,10,5,2,1,0,0,13957,6.4,47,213
557,NA1_4491460603,200,18,5,4,0,1,0,15228,6.8,56,193,17,5,7,2,7,1,18260,7.0,64,222
558,NA1_4503386045,100,15,1,5,2,6,0,18040,7.2,64,213,16,1,6,0,2,0,16400,7.0,68,189
559,NA1_4503371280,100,16,0,6,0,1,0,17115,6.8,52,206,25,6,4,0,1,0,16740,7.0,52,246
560,NA1_4503370346,200,0,0,0,0,0,0,2500,1.0,0,0,1,0,0,0,0,0,2520,1.0,0,1
561,NA1_4474538298,200,31,0,1,0,0,0,15126,7.0,72,246,9,2,7,1,3,0,18804,7.4,72,275
562,NA1_4474534219,200,13,0,2,0,2,0,15219,6.8,47,224,62,1,10,1,0,0,17039,7.4,52,204
563,NA1_4474458666,200,18,1,3,0,1,0,15510,6.8,60,223,15,5,7,0,2,0,18276,7.2,72,236
564,NA1_4473746447,200,32,0,1,0,0,0,11423,5.0,0,154,34,1,12,1,15,3,22643,7.4,64,258
565,NA1_4473742117,100,15,0,6,0,3,0,16772,7.0,51,216,12,1,2,0,0,0,14178,6.6,39,207
566,NA1_4473477344,200,15,2,7,1,3,0,17557,7.0,58,234,15,3,8,0,0,0,17088,7.0,56,213
567,NA1_4504945555,100,17,3,12,1,1,0,19614,7.2,56,199,13,3,7,0,3,0,17805,7.0,44,231
568,NA1_4503021886,100,11,2,14,1,5,0,18485,7.4,68,185,8,3,5,0,2,0,15135,6.6,52,182
569,NA1_4502978762,200,16,3,8,0,3,0,18684,7.2,72,207,14,3,6,0,1,0,17140,7.2,60,214
570,NA1_4502949435,100,11,1,16,1,5,0,21608,7.6,68,256,12,0,5,0,0,0,15504,6.6,46,174
571,NA1_4502908537,200,11,4,5,1,2,0,17100,6.8,64,216,11,1,8,1,1,0,17502,7.4,64,211
572,NA1_4502537296,200,17,4,2,1,2,0,15470,7.0,52,243,56,2,6,1,1,0,17112,7.2,72,211
573,NA1_4502511728,200,13,0,5,0,3,0,16125,7.2,55,189,11,2,5,1,3,0,16792,7.2,64,210
574,NA1_4502498336,100,13,5,7,1,2,0,17846,7.2,68,232,14,1,3,0,0,0,14496,6.8,52,181
575,NA1_4502476762,200,50,1,7,0,4,0,17291,7.2,56,192,13,2,4,2,2,0,16047,6.8,60,215
576,NA1_4496024861,200,15,7,9,1,0,0,17703,7.2,60,205,18,2,6,1,2,0,16127,6.6,57,204
577,NA1_4496009880,100,11,3,12,0,1,0,19959,7.0,45,197,56,1,5,1,5,0,16050,6.6,46,194
578,NA1_4491674578,200,26,3,1,0,0,0,14055,6.6,64,196,18,4,8,2,3,0,18206,6.6,56,208
579,NA1_4491656028,100,15,5,6,2,3,0,16938,7.0,68,222,15,2,4,0,3,0,16272,7.0,48,237
580,NA1_4491620377,100,12,2,4,1,0,0,15486,7.0,72,215,17,1,3,0,4,0,16198,7.2,68,230
581,NA1_4490772865,100,16,3,1,0,0,0,14218,6.8,68,201,13,8,4,1,2,0,16586,7.0,64,229
582,NA1_4490744146,100,14,2,7,1,7,0,18851,7.2,60,253,14,0,4,0,1,0,15295,6.8,68,195
583,NA1_4490706580,100,11,7,7,0,0,0,15964,6.8,60,185,20,3,8,2,6,0,17519,7.0,39,214
584,NA1_4490682966,100,19,5,5,0,0,0,16968,7.2,76,233,16,4,3,2,0,0,15308,6.8,52,216
585,NA1_4497206078,200,14,2,5,0,2,0,16891,6.6,48,210,43,2,13,0,9,1,21732,7.6,64,203
586,NA1_4497169562,100,12,1,11,2,11,1,22138,7.8,80,251,7,2,1,0,0,0,12188,5.6,32,147
587,NA1_4494355305,200,23,2,10,0,2,0,18346,7.0,49,196,13,4,7,0,3,0,16519,6.8,60,188
588,NA1_4494323971,100,12,5,8,0,2,0,17156,7.0,47,213,20,4,11,1,1,0,18226,7.0,52,213
589,NA1_4494279551,200,40,3,5,0,3,0,15997,6.8,49,208,35,3,14,1,5,0,20093,7.0,54,164
590,NA1_4494263873,200,15,4,9,1,1,0,17419,6.8,60,190,14,2,12,1,5,0,20098,7.2,64,210
591,NA1_4488845177,100,11,3,9,1,2,0,18694,6.8,52,217,12,1,8,0,3,0,17751,7.0,52,228
592,NA1_4488823264,100,14,1,6,1,2,0,16483,6.8,52,194,11,1,7,1,3,0,18257,7.2,76,222
593,NA1_4488808237,200,10,1,2,0,2,0,15136,6.4,60,222,13,2,12,1,4,0,20836,7.4,68,229
594,NA1_4467545404,200,15,2,5,0,0,0,14980,6.4,56,168,37,5,13,0,4,0,20137,7.2,56,217
595,NA1_4467166334,100,104,0,4,1,0,0,15465,6.8,65,208,16,3,10,0,2,0,17968,7.2,48,204
596,NA1_4461950302,100,17,1,8,1,1,0,17781,7.0,66,235,16,0,6,0,0,0,15022,6.4,28,181
597,NA1_4461866997,200,17,1,1,0,1,0,14397,6.8,56,213,16,4,4,1,2,0,16599,7.0,76,214
598,NA1_4461893062,100,16,3,11,1,3,0,18364,7.2,62,219,11,3,8,1,1,0,17775,6.8,71,178
599,NA1_4461870382,200,11,3,9,0,2,0,17963,7.0,52,222,17,2,5,0,3,0,16951,7.0,64,209
600,NA1_4460137200,200,14,2,3,1,2,0,16192,7.0,60,238,59,2,2,0,0,0,14708,7.0,55,212
601,NA1_4460123600,100,15,1,8,1,1,0,18592,7.2,44,232,21,1,7,0,0,0,17541,7.0,74,212
602,NA1_4460100635,200,12,0,6,1,2,0,17753,7.0,39,241,14,1,6,1,4,0,17822,7.6,92,235
603,NA1_4483853739,200,14,4,4,0,1,0,16035,7.2,44,233,17,3,4,0,1,0,15528,6.8,47,224
604,NA1_4479709363,100,62,2,15,1,4,0,21325,7.0,64,195,29,3,8,0,1,0,16763,6.6,52,183
605,NA1_4479668775,100,21,2,6,1,3,0,17382,7.2,71,201,15,0,4,0,0,0,14985,6.6,48,192
606,NA1_4479621576,200,10,2,2,0,1,0,14041,6.6,47,199,16,2,9,2,5,1,18561,7.2,48,255
607,NA1_4479493944,100,12,1,10,2,2,0,17782,6.2,58,189,10,3,9,0,0,0,17290,6.2,45,185
608,NA1_4479521822,100,119,4,9,1,4,0,18398,6.8,48,212,19,4,6,1,0,0,16934,7.0,48,231
609,NA1_4479490745,200,12,3,6,0,0,0,16840,7.0,52,212,17,2,10,0,3,0,18168,7.0,65,182
610,NA1_4479397593,200,20,3,3,0,3,0,15226,7.2,64,234,15,3,5,1,3,0,16218,6.8,55,214
611,NA1_4479394426,200,17,4,2,0,3,0,14741,6.6,64,195,15,4,14,0,4,0,19994,7.6,52,209
612,NA1_4504920451,100,19,1,14,0,9,1,21712,7.0,52,210,12,0,7,0,2,0,16337,7.0,32,210
613,NA1_4504907909,200,15,3,6,0,4,0,16922,7.0,55,197,15,1,5,0,0,0,15899,6.4,49,191
614,NA1_4504875756,200,17,2,5,1,2,0,16677,6.6,48,222,23,4,9,0,1,0,18262,6.8,51,226
615,NA1_4504850852,200,24,4,8,0,1,0,16323,6.4,40,173,14,5,9,0,4,0,18414,7.2,52,234
616,NA1_4504250604,200,18,2,1,0,1,0,13718,6.4,56,198,10,4,9,1,7,1,20722,7.0,67,253
617,NA1_4504236554,200,55,1,5,1,0,0,15628,7.0,62,194,13,4,6,1,4,0,17588,7.0,47,232
618,NA1_4504114592,100,10,1,8,1,2,0,17712,7.0,60,208,12,1,3,0,4,0,15597,7.0,35,214
619,NA1_4504100803,200,156,1,7,1,2,0,17336,7.0,64,226,10,0,6,0,2,0,16804,7.4,56,222
620,NA1_4504063832,200,11,1,10,1,5,1,20238,7.4,64,224,9,2,10,1,6,0,19897,7.2,60,241
621,NA1_4476306386,200,13,1,7,0,3,0,17626,7.0,52,224,32,0,4,0,1,0,15630,7.0,44,198
622,NA1_4476090315,100,14,4,11,1,1,0,18906,6.8,58,212,17,1,7,0,1,0,16273,6.6,64,197
623,NA1_4475974411,200,17,3,6,0,2,0,17123,6.8,64,221,21,5,4,2,2,0,16511,7.0,60,234
624,NA1_4475929462,200,13,4,8,1,5,0,19206,7.0,64,229,29,5,13,0,1,0,19379,7.0,64,197
625,NA1_4474771862,200,84,4,6,0,2,0,15940,6.8,62,188,11,5,10,0,1,0,18107,7.2,42,219
626,NA1_4474756298,100,13,4,4,1,5,0,16338,7.0,53,219,10,3,4,0,2,0,16180,7.0,53,233
627,NA1_4474731574,200,11,3,1,1,1,0,14435,6.8,56,253,10,4,5,0,3,0,17958,7.6,92,264
628,NA1_4474539706,100,18,3,6,2,1,0,16830,7.0,69,213,23,3,2,0,4,0,15780,7.0,72,223
629,NA1_4474545169,100,17,0,8,1,4,0,17782,7.0,71,213,14,0,7,0,2,0,16875,6.8,36,213
630,NA1_4492422498,200,18,2,13,0,1,0,18988,6.8,37,184,15,4,9,2,3,0,18155,6.8,64,193
631,NA1_4492418152,200,14,1,3,0,2,0,15108,6.4,56,181,9,3,12,1,5,0,19976,7.6,60,226
632,NA1_4492070223,200,18,5,2,0,0,0,16439,7.2,59,234,19,5,4,0,2,0,15865,6.6,53,188
633,NA1_4492019413,200,14,0,5,1,3,0,16235,6.8,64,182,21,2,7,1,6,1,18241,6.8,44,217
634,NA1_4491992762,200,51,1,5,0,0,0,15789,6.6,54,206,17,1,4,1,3,0,16622,7.0,48,248
635,NA1_4491958658,100,57,0,7,1,9,2,20665,7.0,51,236,10,1,2,0,1,0,10426,5.0,0,95
636,NA1_4491928362,100,15,1,12,0,6,0,19801,7.0,57,198,14,1,4,0,1,0,16002,6.8,43,196
637,NA1_4491871924,100,13,3,9,0,3,0,18958,7.4,56,230,12,2,3,1,1,0,15421,7.0,61,212
638,NA1_4491592569,200,12,3,4,0,1,0,15789,6.6,57,204,14,3,10,0,4,0,18810,7.2,58,230
639,NA1_4504538732,100,14,1,8,0,2,0,17891,7.2,72,216,12,1,3,0,0,0,14663,6.6,56,214
640,NA1_4504527279,200,14,1,10,0,4,0,18790,6.8,40,200,13,0,18,2,5,1,23481,7.2,44,209
641,NA1_4504493716,200,13,3,4,0,0,0,16232,6.8,48,203,12,3,8,1,2,0,18722,7.4,76,221
642,NA1_4504482324,100,16,3,10,1,6,0,19240,7.6,52,242,14,1,5,0,1,0,15577,6.8,40,228
643,NA1_4503699561,100,23,8,10,1,3,0,19337,7.2,52,204,15,4,6,1,1,0,16492,6.4,47,184
644,NA1_4503682084,100,13,0,6,1,3,0,17468,7.2,64,218,10,0,4,1,0,0,15297,6.8,64,181
645,NA1_4503653695,200,13,3,3,1,1,0,15514,7.0,68,201,14,0,5,0,3,0,16746,7.0,60,231
646,NA1_4503494941,100,18,6,8,1,3,0,18022,6.8,60,208,16,3,4,0,2,0,15236,6.8,60,204
647,NA1_4503469726,200,9,2,5,1,0,0,16488,7.0,66,199,14,2,9,1,3,0,18003,7.2,64,187
648,NA1_4490729556,200,18,1,9,0,1,0,18797,6.8,44,220,17,0,11,1,3,0,19650,7.2,74,244
649,NA1_4489584249,100,13,2,8,2,2,0,18146,7.0,55,224,15,0,9,0,0,0,17965,6.8,52,231
650,NA1_4489177944,200,24,4,11,0,2,0,19089,7.4,52,226,16,2,4,0,2,0,15908,6.8,54,203
651,NA1_4489116161,200,12,0,3,0,2,0,15090,6.8,38,208,16,1,9,0,0,0,18259,7.2,77,232
652,NA1_4489067460,100,17,0,13,0,9,1,21529,7.2,44,228,10,1,8,0,2,0,17529,6.8,56,189
653,NA1_4489039213,200,18,1,9,1,4,0,17186,7.0,31,195,12,2,14,0,5,0,20058,7.0,39,213
654,NA1_4488997497,200,43,3,2,0,0,0,13879,6.6,54,180,17,18,7,0,1,0,16941,6.8,48,222
655,NA1_4488949668,200,56,2,8,0,3,0,17600,7.2,49,214,67,14,7,0,0,0,16958,6.8,46,202
656,NA1_4488665648,100,13,5,7,1,3,0,18039,6.6,60,183,15,3,11,0,6,0,19459,7.2,52,204
657,NA1_4474919980,200,15,3,5,2,1,0,17003,7.2,80,243,12,5,5,0,0,0,15288,6.8,48,214
658,NA1_4474131032,100,42,2,11,1,2,0,18923,7.2,52,191,51,1,4,0,1,0,15900,6.6,56,205
659,NA1_4473256225,200,20,3,4,0,1,0,16241,6.8,49,210,64,6,10,0,2,0,18171,6.8,46,207
660,NA1_4471921597,200,40,1,7,0,2,0,17798,7.0,72,191,32,2,7,1,2,0,18826,6.6,52,226
661,NA1_4471265972,200,15,3,5,0,1,0,16398,6.8,56,246,13,3,7,1,3,0,19101,7.4,68,259
662,NA1_4469755973,100,26,1,6,1,6,1,18719,7.2,48,241,12,1,3,1,1,0,14782,6.6,59,225
663,NA1_4469723383,200,2,0,0,0,0,0,4285,2.2,0,36,9,0,0,0,0,0,4998,2.6,20,45
664,NA1_4467643811,200,16,5,9,0,3,0,18692,7.2,58,254,16,3,5,0,5,0,17606,7.4,70,262
665,NA1_4464961908,100,40,3,5,0,1,0,16488,6.6,47,209,41,5,9,1,6,0,19350,7.0,56,240
666,NA1_4480458600,200,13,3,4,0,1,0,15606,6.8,54,225,12,2,8,1,0,0,17562,7.4,64,226
667,NA1_4479184040,200,26,2,5,0,1,0,15859,7.2,51,211,15,6,5,2,1,0,15712,7.0,44,224
668,NA1_4479177036,100,15,3,9,1,5,1,19571,7.2,46,234,15,1,4,0,1,0,16321,7.0,41,252
669,NA1_4478546528,100,18,5,7,0,2,0,17013,6.4,68,194,13,3,5,2,2,0,16119,6.8,68,203
670,NA1_4478560429,200,21,1,3,0,1,0,16005,7.0,60,241,13,1,2,1,2,0,14995,7.0,60,231
671,NA1_4478446050,100,16,3,12,2,2,0,20175,7.4,65,229,82,1,3,0,1,0,15069,7.0,52,201
672,NA1_4478431459,200,52,1,6,0,1,0,16328,7.0,49,212,17,1,7,1,2,0,17173,7.0,62,212
673,NA1_4468637007,200,17,4,6,0,1,0,18050,6.8,72,203,16,5,10,1,2,0,19081,7.0,60,226
674,NA1_4467045343,200,15,1,1,0,0,0,13961,6.8,48,215,20,3,4,1,3,0,16718,7.0,58,236
675,NA1_4462944835,200,10,3,7,0,2,0,16767,6.6,57,154,14,2,18,0,3,0,20916,7.6,55,214
676,NA1_4462990355,100,13,2,4,0,2,0,16455,7.0,79,229,16,1,8,1,2,0,17803,7.0,52,228
677,NA1_4462608469,200,10,1,5,0,1,0,16576,6.8,61,246,13,2,11,0,2,0,18944,7.2,54,240
678,NA1_4461890814,100,17,4,4,1,8,0,17913,7.0,48,274,12,6,3,1,1,0,15356,6.6,71,202
679,NA1_4461826703,100,17,3,8,0,2,0,18150,7.2,56,213,13,3,9,0,3,0,18063,7.0,72,200
680,NA1_4461482040,200,15,4,9,0,1,0,17448,6.6,41,202,21,2,14,1,4,0,21799,7.2,68,221
681,NA1_4461456817,100,16,2,9,1,2,0,18149,7.2,56,233,13,4,1,0,1,0,13865,6.2,56,192
682,NA1_4461459837,100,8,3,9,1,6,0,19518,7.6,72,276,17,1,2,0,0,0,14363,6.6,69,194
683,NA1_4461374150,200,13,4,2,0,1,0,15096,6.6,51,230,70,6,6,0,4,0,17312,7.0,52,235
684,NA1_4482773314,100,11,3,9,1,2,0,18340,7.2,56,222,13,2,4,0,0,0,14623,6.6,46,164
685,NA1_4482761555,100,18,4,15,0,6,0,20961,7.0,57,176,33,3,7,0,1,0,16947,6.6,48,184
686,NA1_4482754525,200,15,3,5,1,0,0,15677,6.8,76,213,12,2,6,1,5,0,16549,6.6,46,214
687,NA1_4482750746,200,15,0,4,0,0,0,15903,6.6,55,205,14,3,8,0,1,0,17700,7.0,68,200
688,NA1_4482738638,100,140,1,12,1,6,1,21176,7.0,63,183,11,3,6,0,4,0,17536,7.2,62,207
689,NA1_4480970933,100,12,4,10,0,2,0,18875,7.2,52,226,18,3,5,1,1,0,17029,7.0,63,221
690,NA1_4480920894,200,11,1,4,0,2,0,16582,7.0,60,235,12,0,4,0,1,0,15501,7.2,56,210
691,NA1_4480905817,200,15,3,8,1,2,0,17239,7.2,63,210,17,0,5,0,1,0,16552,6.8,56,191
692,NA1_4480883198,100,14,5,6,0,0,0,17016,7.2,56,237,13,2,4,0,0,0,15877,7.0,56,202
693,NA1_4494997702,200,18,6,12,0,3,0,19206,7.6,45,216,15,1,6,0,0,0,16646,6.8,58,203
694,NA1_4487582466,100,18,4,9,0,3,0,18538,7.4,57,219,14,2,5,0,0,0,16309,7.0,58,226
695,NA1_4487057131,100,15,1,7,2,4,0,17880,7.2,59,213,18,1,7,0,1,0,15788,6.6,38,201
696,NA1_4487024712,100,13,1,7,0,4,0,17166,6.6,48,189,14,5,12,0,5,0,20504,7.4,47,253
697,NA1_4487014939,200,47,7,7,1,1,0,16534,7.2,60,215,16,15,7,0,0,0,17994,7.4,64,235
698,NA1_4486983700,100,9,2,5,1,1,0,15999,6.8,64,212,25,0,5,1,0,0,15397,6.6,60,187
699,NA1_4486966559,100,13,1,9,1,1,0,18041,7.0,44,211,59,4,8,0,0,0,16617,7.0,52,198
700,NA1_4480378089,200,27,4,3,1,0,0,15095,6.8,60,209,11,1,5,1,2,0,16450,7.4,54,230
701,NA1_4479855437,100,22,2,5,1,2,0,16046,6.8,48,186,14,3,4,1,1,0,15298,6.8,67,183
702,NA1_4473121915,200,14,4,6,0,0,0,16067,7.0,49,192,14,1,7,1,2,0,17908,7.2,74,230
703,NA1_4473024326,200,17,5,4,1,1,0,15434,6.6,44,221,16,3,4,0,2,0,15572,6.6,54,196
704,NA1_4473020312,100,54,1,7,1,2,0,17848,7.2,56,223,16,2,1,0,2,0,14628,6.8,63,206
705,NA1_4473014798,100,13,0,7,0,3,0,17005,6.6,45,191,12,6,7,1,0,0,16565,7.0,55,200
706,NA1_4472777257,100,18,1,7,0,2,0,17104,7.2,44,222,120,2,5,0,0,0,15802,6.8,59,200
707,NA1_4471923765,100,68,2,10,2,2,0,18105,6.8,44,202,78,4,7,0,2,0,17421,7.0,47,211
708,NA1_4471887290,200,13,3,7,0,1,0,17441,7.2,66,248,11,1,4,0,0,0,15542,6.8,64,208
709,NA1_4471758713,200,12,4,4,0,3,0,15318,6.8,45,227,15,0,8,0,2,0,17757,7.2,57,219
710,NA1_4471736272,100,16,3,6,0,1,0,17419,7.2,52,248,16,2,3,1,2,0,16115,7.0,59,225
711,NA1_4504558636,100,34,1,6,0,2,0,16525,7.4,58,219,47,3,8,1,6,0,18771,7.4,58,242
713,NA1_4504496616,100,21,3,18,0,6,0,23229,7.2,56,222,17,6,12,1,4,0,19583,7.0,44,201
714,NA1_4504487757,100,11,2,14,2,3,0,20438,7.4,40,246,11,3,3,0,0,0,15841,7.0,56,244
715,NA1_4504457089,100,15,2,8,0,5,0,20181,7.0,52,256,12,5,4,1,0,0,16452,7.0,52,228
716,NA1_4504440074,100,15,3,6,1,3,0,17101,6.8,64,217,13,6,6,1,0,0,15585,7.0,52,181
717,NA1_4504047365,100,37,24,6,0,0,0,15946,7.4,56,199,61,2,6,0,2,0,16925,7.0,56,238
718,NA1_4504001108,200,16,4,9,1,2,0,17673,7.2,48,209,17,2,6,1,2,0,16708,7.0,60,202
719,NA1_4503961564,100,16,0,6,0,9,1,19189,7.2,63,235,12,2,10,1,0,0,17190,6.8,36,200
720,NA1_4504511693,200,16,1,15,1,8,0,21345,7.6,59,231,14,2,4,1,1,0,15110,6.4,56,193
721,NA1_4504494418,200,22,3,6,1,2,0,16771,6.8,71,198,12,6,6,0,3,0,17906,7.0,52,266
722,NA1_4504473321,100,28,4,5,0,5,0,17630,7.2,40,251,17,2,5,1,0,0,15440,7.0,52,201
723,NA1_4503855657,200,37,2,6,0,1,0,16863,6.8,66,202,36,0,5,0,1,0,16545,6.8,68,191
724,NA1_4503833736,100,16,3,13,1,5,0,20669,7.4,57,225,13,4,3,1,2,0,15467,6.8,66,207
725,NA1_4503732477,200,17,5,9,0,1,0,17516,6.8,35,222,18,6,7,2,3,0,19124,7.2,68,244
726,NA1_4503700377,200,19,5,6,2,5,0,18062,7.2,57,243,14,4,5,0,0,0,16946,6.8,46,217
727,NA1_4501083757,100,10,2,15,1,4,0,21199,7.2,68,204,10,3,5,1,3,0,16250,6.6,48,202
728,NA1_4501061297,200,14,3,0,0,1,0,13409,6.4,51,191,98,2,11,2,4,0,18751,7.4,60,201
729,NA1_4497766933,100,16,0,3,1,2,0,15750,7.2,64,224,13,4,11,1,4,0,19300,7.2,56,232
730,NA1_4496787152,100,9,1,11,1,0,0,17560,7.0,46,187,10,0,5,0,1,0,16197,7.0,44,207
731,NA1_4496752342,100,14,4,9,1,4,0,17802,7.0,52,191,14,0,6,0,2,0,17079,6.6,56,203
732,NA1_4496735480,100,14,0,7,0,3,0,17113,6.8,64,211,14,2,10,1,4,0,19004,6.8,56,211
733,NA1_4495977474,100,14,2,9,1,2,0,18119,7.4,76,214,10,1,4,0,2,0,15176,7.0,55,190
734,NA1_4495955442,200,12,1,9,0,3,0,17720,7.2,52,198,18,3,12,1,2,0,19644,7.4,60,202
735,NA1_4495933198,200,12,5,7,0,1,0,18239,7.2,60,226,13,3,9,1,0,0,17106,7.2,68,221
736,NA1_4495918396,200,13,1,6,0,1,0,15480,6.2,64,183,19,3,2,2,4,0,16172,6.8,72,226
737,NA1_4495140478,200,13,0,5,0,1,0,15856,7.0,60,202,13,2,5,1,4,0,17443,7.4,80,229
738,NA1_4504916788,200,11,1,6,0,4,0,16687,6.8,52,208,24,0,12,0,2,0,18422,7.4,51,205
739,NA1_4504376902,200,12,3,9,0,2,0,17529,6.6,47,202,60,0,15,0,4,0,20856,7.0,28,166
740,NA1_4498648615,200,14,0,4,0,2,0,16434,7.0,68,222,13,0,7,2,1,0,18233,7.2,64,247
741,NA1_4498648027,200,34,2,5,0,0,0,15463,6.6,58,161,38,0,11,1,9,1,21480,7.6,56,223
742,NA1_4498639912,200,88,6,3,0,0,0,15200,6.4,56,215,18,2,8,0,3,0,18702,7.2,55,238
743,NA1_4495204615,100,14,3,7,1,3,0,17441,6.6,76,222,13,4,7,0,1,0,17932,7.2,67,212
744,NA1_4494259808,200,17,0,2,0,2,0,15531,7.2,56,237,13,4,4,0,0,0,16094,7.2,56,238
745,NA1_4494241923,200,16,1,2,0,2,0,14857,6.8,55,220,12,3,8,0,4,0,18033,6.8,53,211
746,NA1_4494216117,100,17,0,8,1,2,0,17790,7.4,64,200,10,0,4,0,2,0,16014,6.8,63,226
747,NA1_4495325238,200,13,1,9,1,8,1,19717,7.2,64,209,9,0,7,0,1,0,16825,6.6,44,202
748,NA1_4495191351,100,97,2,8,1,2,0,17798,7.4,56,237,12,3,3,0,1,0,15099,6.6,55,194
749,NA1_4495170801,200,16,3,10,1,2,0,17513,6.4,40,166,62,4,9,0,2,0,17965,7.2,80,187
750,NA1_4494831878,200,14,1,3,0,2,0,15513,6.8,48,222,14,1,7,2,4,0,17895,7.2,60,221
751,NA1_4494802995,100,15,2,6,1,5,0,17826,7.0,76,210,12,4,4,1,4,0,17056,7.0,72,226
752,NA1_4487238926,100,13,5,9,1,0,0,17748,7.2,56,217,12,0,2,0,1,0,14790,7.0,63,228
753,NA1_4485405491,100,15,4,14,1,6,0,20736,7.2,58,227,15,3,6,0,3,0,17179,6.8,52,207
754,NA1_4485352528,100,11,1,14,0,7,1,20485,7.0,48,225,160,1,7,2,2,0,15568,6.0,51,130
755,NA1_4485305425,200,14,1,6,0,0,0,15578,7.0,49,199,12,6,8,2,1,0,16726,6.8,51,233
756,NA1_4501601978,200,14,2,2,0,4,0,15448,6.6,64,216,13,2,9,1,3,0,17713,7.2,60,254
757,NA1_4500653855,200,4,0,1,0,1,0,8439,4.4,36,97,6,0,3,0,0,0,9234,4.6,36,104
758,NA1_4499447646,100,15,2,4,2,3,0,16499,6.6,68,203,14,2,10,0,3,0,17833,7.4,60,191
759,NA1_4499430383,100,12,0,7,0,7,1,20203,7.4,80,242,7,0,5,0,0,0,12756,5.2,8,177
760,NA1_4499419396,200,13,1,10,0,2,0,18952,7.2,70,219,13,0,13,2,2,0,20014,7.2,56,222
761,NA1_4499416030,100,4,0,1,0,0,0,5482,2.8,12,53,2,0,3,0,0,0,5517,2.8,12,37
762,NA1_4499032478,100,9,0,7,1,3,0,17911,7.2,68,227,14,1,4,1,1,0,15712,6.8,64,209
763,NA1_4499000365,200,14,3,6,1,0,0,17673,7.2,68,211,15,3,8,1,1,0,17161,7.2,59,207
764,NA1_4498910735,200,38,3,7,0,2,0,16689,7.2,54,190,34,4,9,0,5,0,18438,7.2,42,218
765,NA1_4479586356,100,16,2,10,1,5,0,19044,7.0,60,228,20,4,5,1,0,0,15479,6.8,43,241
766,NA1_4479593755,100,18,0,12,1,8,0,20372,7.4,49,226,12,2,5,0,1,0,15431,6.6,54,180
767,NA1_4476928586,100,17,6,9,0,4,0,18023,6.8,43,233,17,0,3,0,0,0,14566,6.6,38,186
768,NA1_4476963234,200,14,5,8,0,3,0,17041,7.0,34,210,14,0,5,1,1,0,16617,7.2,58,246
769,NA1_4476899263,100,14,0,4,1,2,0,15068,6.4,54,188,16,3,13,0,6,1,20399,7.0,44,238
770,NA1_4476877422,100,17,2,6,0,2,0,16063,6.8,40,203,17,1,4,0,0,0,14203,6.8,48,180
771,NA1_4476366859,100,14,2,4,0,1,0,15861,6.8,49,222,15,1,5,0,2,0,16613,7.2,57,214
772,NA1_4469648633,100,16,3,8,1,1,0,18884,7.0,56,238,18,0,7,1,1,0,17126,6.8,62,204
773,NA1_4469520034,100,15,2,10,0,2,0,18503,7.4,43,231,9,1,2,1,0,0,14664,6.8,59,203
774,NA1_4491761102,100,16,3,5,1,1,0,16301,7.2,61,222,87,3,3,1,1,0,14542,6.4,58,205
775,NA1_4491734152,200,81,0,1,1,0,0,15273,7.0,71,251,14,1,5,1,1,0,16902,7.0,46,242
776,NA1_4491698931,200,22,3,4,1,0,0,16213,7.0,73,181,14,1,5,0,2,0,16910,7.2,48,250
777,NA1_4491674499,100,17,3,13,1,4,0,20169,6.8,48,216,81,3,4,0,0,0,15228,6.4,51,175
778,NA1_4491648004,200,14,1,2,1,1,0,15408,7.0,58,248,87,3,6,1,2,0,17227,7.2,66,206
779,NA1_4491621397,200,12,3,8,1,5,0,17488,6.8,48,210,86,4,12,1,8,0,19623,7.0,52,211
780,NA1_4491574641,100,78,2,4,1,2,0,16528,7.2,55,230,10,0,5,1,0,0,16734,7.2,57,235
781,NA1_4491547237,200,15,1,17,1,4,0,21128,6.8,36,177,19,4,16,0,2,0,19676,6.6,48,204
782,NA1_4491524028,100,11,0,9,1,3,0,17818,7.0,48,204,12,1,9,1,2,0,17768,7.0,72,184
783,NA1_4493317469,100,15,2,8,1,4,0,17476,6.6,58,212,13,6,8,0,8,1,18686,6.8,48,229
784,NA1_4341603004,100,25,4,8,0,3,0,17313,6.8,56,205,15,2,8,1,2,0,17524,7.2,52,231
785,NA1_4336460810,200,21,2,5,0,3,0,16892,7.0,54,230,12,0,6,1,1,0,16558,7.4,67,207
786,NA1_4336403799,100,15,5,3,2,2,0,16336,7.4,72,256,14,0,5,0,2,0,16816,7.6,68,224
787,NA1_4336264347,200,34,2,5,0,0,0,16038,7.0,55,242,12,1,7,0,2,0,16919,6.8,56,220
788,NA1_4336208577,200,12,2,5,1,5,0,16279,7.0,48,199,16,2,13,0,5,0,20614,7.4,51,206
789,NA1_4336222343,100,17,3,3,1,3,0,15482,6.8,60,204,15,6,4,1,1,0,15508,7.0,52,207
790,NA1_4336148311,200,14,2,6,0,1,0,17222,7.4,72,216,29,1,9,0,3,0,19097,7.6,48,237
791,NA1_4336163087,100,54,5,9,1,3,0,18529,7.0,65,220,14,3,4,0,5,0,15409,6.4,41,222
792,NA1_4504491610,200,26,4,8,1,3,0,18185,7.2,52,241,19,2,3,1,2,0,15223,7.0,60,199
793,NA1_4503342018,200,85,4,5,0,2,0,17066,6.8,56,237,24,4,12,2,3,0,20394,7.0,48,194
794,NA1_4493027628,200,11,0,10,1,3,0,18665,6.6,47,180,12,1,7,1,2,0,16985,6.4,44,191
795,NA1_4492959140,100,15,2,4,2,1,0,14987,6.6,51,207,12,1,4,0,3,0,15992,6.8,48,224
796,NA1_4492894061,100,12,10,4,0,0,0,15375,6.8,49,208,36,4,3,1,2,0,15161,6.6,60,196
797,NA1_4492857092,100,14,2,7,1,1,0,17181,6.8,45,215,16,1,5,1,2,0,16441,6.8,46,232
798,NA1_4492656082,100,19,3,11,1,3,0,19538,7.2,39,205,16,2,7,1,3,0,17682,6.8,60,204
799,NA1_4492594037,100,17,2,4,0,3,0,17211,7.2,60,264,11,6,4,1,2,0,16850,7.2,64,249
800,NA1_4492518262,100,19,2,8,1,3,0,18616,7.0,72,199,12,3,7,0,0,0,16712,6.6,51,206
801,NA1_4504428181,100,14,1,5,0,2,0,16132,7.0,64,211,11,1,2,2,3,0,16184,7.2,76,238
802,NA1_4503813113,200,15,5,11,0,0,0,17997,6.6,63,197,15,1,6,0,1,0,15508,6.6,44,205
803,NA1_4503783155,100,13,2,7,1,2,0,16918,7.0,58,202,12,3,7,1,5,0,18359,7.2,69,203
804,NA1_4503620379,100,15,2,16,2,9,0,21716,7.6,46,215,13,1,6,0,1,0,16079,6.6,58,183
805,NA1_4502897819,200,17,2,4,0,0,0,16879,6.8,60,219,16,1,6,1,3,0,17433,7.0,60,222
806,NA1_4502681030,200,14,0,7,1,1,0,16676,7.2,53,227,18,2,8,1,2,0,17695,7.4,70,191
807,NA1_4501500433,100,11,4,9,0,4,0,18843,6.8,48,189,12,2,10,2,2,0,19134,7.0,51,214
808,NA1_4501468358,200,17,1,4,0,1,0,15373,6.4,40,191,11,2,9,0,4,0,17882,7.2,59,201
809,NA1_4501239522,200,11,2,9,0,2,0,17599,7.0,40,168,27,2,13,0,7,1,20762,7.4,58,201
810,NA1_4491589654,100,14,1,9,0,5,0,19668,7.6,71,242,13,3,3,0,0,0,15788,6.8,52,225
811,NA1_4491579765,200,14,5,7,0,4,0,17343,7.2,50,240,17,4,4,2,0,0,15850,6.8,60,197
812,NA1_4491547348,200,12,0,2,0,1,0,15553,7.0,80,234,11,1,6,1,3,0,16981,7.0,52,234
813,NA1_4491175846,200,16,3,3,0,1,0,15629,7.0,60,232,58,2,5,0,0,0,16211,7.0,64,211
814,NA1_4491136154,200,13,2,5,0,3,0,16096,6.6,32,235,40,1,8,1,3,0,17993,7.4,68,210
815,NA1_4491087187,100,16,4,12,0,2,0,19256,7.0,49,174,36,3,7,0,4,0,17464,6.8,46,217
816,NA1_4491052041,100,16,6,11,0,1,0,18593,7.0,51,209,15,4,11,1,4,0,19133,7.4,58,229
817,NA1_4491002162,200,84,1,3,0,3,0,15252,6.8,48,235,15,1,6,0,4,0,17946,7.2,68,231
818,NA1_4490946536,100,15,3,1,1,0,0,14342,6.8,53,232,15,3,2,1,2,0,14903,7.0,38,250
819,NA1_4504866057,200,19,0,4,0,0,0,15368,6.6,48,216,15,3,8,1,5,0,17956,7.0,63,207
820,NA1_4504844285,200,15,0,10,0,3,0,18209,6.6,43,201,15,1,12,2,3,0,19578,7.0,67,204
821,NA1_4504746330,200,18,2,6,1,0,0,17851,7.2,62,209,13,2,8,1,3,0,17755,7.2,60,212
822,NA1_4504697497,100,18,1,9,0,1,0,17246,6.6,56,184,14,0,10,0,5,0,18827,7.0,44,234
823,NA1_4503588890,200,12,1,5,0,5,0,16545,7.2,48,242,9,1,2,0,1,0,14837,6.8,51,212
824,NA1_4503528754,100,13,0,8,1,4,0,17365,7.0,60,216,11,0,9,1,0,0,17301,7.0,57,174
825,NA1_4502899202,200,12,0,13,1,2,0,20345,7.0,56,181,12,2,14,1,3,0,20796,7.2,63,213
826,NA1_4502772276,200,11,2,4,0,1,0,14869,6.6,58,161,13,2,6,2,5,0,17117,7.0,45,221
827,NA1_4502754455,100,14,3,5,1,1,0,16645,7.4,68,245,15,2,8,0,0,0,18261,7.4,64,222
828,NA1_4502997282,100,13,4,7,0,1,0,16147,6.4,52,181,20,2,13,0,4,0,19583,7.4,58,206
829,NA1_4492210010,200,18,0,3,0,2,0,15621,7.0,72,210,11,1,10,1,2,0,17345,7.0,52,220
830,NA1_4491724458,100,22,3,2,0,1,0,15288,7.0,64,202,22,3,4,1,1,0,16109,7.0,59,225
831,NA1_4491691512,100,14,6,4,0,1,0,15606,6.8,48,220,15,0,10,1,4,0,18540,7.4,68,223
832,NA1_4491644991,200,12,0,4,0,0,0,15268,6.8,52,192,49,3,10,1,4,0,19616,7.2,46,223
833,NA1_4491535319,100,16,3,5,1,2,0,15928,7.0,57,219,19,1,0,0,1,0,14187,6.6,47,245
834,NA1_4491510616,200,16,1,5,1,2,0,16494,6.8,47,207,13,1,10,0,2,0,19431,7.2,60,243
835,NA1_4491493606,200,15,4,5,1,4,0,16897,7.0,62,197,40,0,7,1,4,0,17116,6.8,48,192
836,NA1_4491484028,100,35,4,9,1,3,0,18980,6.8,44,212,12,2,10,0,3,0,17587,6.6,48,198
837,NA1_4499533344,200,36,4,3,0,1,0,15538,6.8,66,220,17,3,3,0,1,0,15961,6.8,62,244
838,NA1_4499518476,100,15,2,5,0,3,0,16524,7.2,72,230,21,2,3,0,1,0,14905,6.8,64,200
839,NA1_4499509241,200,37,3,8,1,3,0,17872,7.4,56,218,35,2,8,0,2,0,17769,6.8,72,212
840,NA1_4499490822,100,18,2,7,0,4,0,16840,6.8,43,208,9,4,1,0,0,0,14704,7.0,72,219
841,NA1_4499471120,200,14,2,4,0,2,0,16021,7.0,64,233,18,3,5,1,3,0,16544,7.2,56,240
842,NA1_4499458132,100,56,6,7,0,4,0,18324,7.0,55,207,26,2,5,0,2,0,16269,6.8,64,237
843,NA1_4499444421,200,10,1,4,0,0,0,14602,6.2,56,177,17,1,6,2,3,0,17073,6.8,60,222
844,NA1_4498693063,100,103,1,7,0,0,0,17963,7.0,48,220,16,1,11,0,1,0,18776,7.2,52,237
845,NA1_4498670531,200,17,0,6,1,2,0,16820,6.8,60,206,13,2,12,0,0,0,19488,7.4,60,195
846,NA1_4504696971,100,15,1,13,0,2,0,19442,7.2,42,246,17,0,5,0,1,0,16036,6.8,60,209
847,NA1_4504648046,100,15,4,10,1,4,0,19029,7.0,60,225,14,2,5,1,0,0,16062,6.6,60,181
848,NA1_4504612561,200,14,2,6,1,4,0,17293,7.0,72,200,13,1,6,1,5,1,17573,6.6,40,195
849,NA1_4504593878,200,42,5,6,1,1,0,16677,6.8,39,213,36,7,8,1,1,0,17402,6.8,72,218
850,NA1_4504555835,100,13,3,6,1,3,0,17164,7.0,63,207,27,1,4,1,0,0,15177,7.2,69,202
852,NA1_4504250289,200,9,0,11,0,3,0,18833,7.4,56,201,14,2,3,0,2,0,15985,7.0,59,205
853,NA1_4504245032,100,17,4,15,1,1,0,20065,7.2,44,196,14,4,7,1,2,0,17859,6.6,60,183
854,NA1_4504226706,100,47,3,11,1,3,0,19161,6.8,52,196,16,13,8,0,1,0,18125,6.8,48,225
855,NA1_4491891697,200,51,1,8,0,0,0,15266,6.2,28,170,13,2,9,1,2,0,17151,6.6,59,176
856,NA1_4484323607,100,14,3,5,0,1,0,16051,6.8,56,199,16,0,5,0,5,0,16612,7.2,60,239
857,NA1_4481290281,100,18,1,3,0,1,0,15974,7.0,60,209,19,4,9,1,4,0,17805,7.0,65,214
858,NA1_4481262838,100,13,1,4,0,3,0,15833,7.0,63,208,11,2,5,0,0,0,15929,6.8,67,201
859,NA1_4481231706,100,22,5,10,1,2,0,18379,7.0,48,236,16,4,5,0,2,0,17044,7.0,50,213
860,NA1_4481205530,100,17,3,11,0,2,0,18949,7.2,48,205,13,3,11,0,2,0,18836,7.0,57,217
861,NA1_4481185455,200,18,5,10,0,4,0,19011,7.2,62,215,15,2,3,0,2,0,16050,6.6,57,221
862,NA1_4475674070,100,12,2,6,1,0,0,16297,7.4,56,232,14,3,2,0,0,0,15284,6.8,79,226
863,NA1_4475639702,200,15,1,8,1,2,0,16922,7.0,54,201,11,2,9,0,3,0,17193,6.6,45,194
864,NA1_4492685923,100,17,5,5,0,3,0,16028,6.8,56,207,12,4,5,0,3,0,16391,6.6,44,211
865,NA1_4492605998,100,14,2,12,2,3,0,18223,6.6,38,207,15,3,11,0,1,0,17415,6.2,38,144
866,NA1_4492581939,100,16,3,10,1,5,1,18794,7.2,64,198,16,1,3,0,4,0,16302,7.0,63,214
867,NA1_4492555079,200,14,3,5,1,1,0,16612,6.6,52,184,18,2,11,0,6,0,18859,6.6,40,184
868,NA1_4492534286,100,18,3,18,1,10,2,23181,7.2,55,203,12,1,5,0,3,0,15244,6.2,40,162
869,NA1_4492512033,200,16,2,12,1,3,0,18852,6.6,45,177,14,2,7,0,4,0,17979,6.6,39,201
870,NA1_4492486083,100,12,0,13,0,9,1,20132,7.0,40,214,13,0,8,1,6,1,18275,6.6,57,174
871,NA1_4492464344,100,14,3,7,0,2,0,17196,6.4,45,191,18,1,6,1,2,0,16182,6.8,64,184
872,NA1_4492457349,100,0,0,0,0,0,0,2642,1.2,4,2,1,0,1,0,0,0,2921,1.0,0,1
873,NA1_4503427884,200,12,1,3,0,4,0,16664,6.8,60,239,12,1,8,0,4,0,17846,7.4,56,185
874,NA1_4503415206,100,14,2,14,1,5,0,21436,7.6,52,237,22,1,5,0,2,0,16082,6.8,60,193
875,NA1_4503398040,200,13,2,4,0,1,0,15015,6.6,44,195,14,3,10,0,2,0,19139,7.0,59,218
876,NA1_4503383040,100,14,2,6,1,3,0,16494,6.6,52,188,14,1,4,0,2,0,14699,6.4,52,200
877,NA1_4503365375,100,28,1,8,0,1,0,17138,7.0,54,223,15,3,6,0,1,0,16475,7.0,44,229
878,NA1_4503178839,100,14,2,7,0,2,0,17401,7.0,68,223,14,2,9,1,0,0,17930,7.0,48,244
879,NA1_4503144964,100,8,2,9,1,3,0,18778,7.4,68,222,11,0,6,0,2,0,16441,6.8,59,170
880,NA1_4503107297,100,13,0,8,1,2,0,17736,6.6,60,198,10,1,11,1,1,0,18586,7.0,53,183
881,NA1_4503077975,200,12,3,11,0,1,0,19167,7.2,71,245,12,2,7,2,1,0,17333,7.2,67,203
882,NA1_4477084131,100,13,0,6,1,1,0,17012,7.0,74,211,11,5,10,0,1,0,17321,7.2,37,240
883,NA1_4477043907,100,1,0,0,0,1,0,4990,2.6,16,49,1,0,0,0,0,0,3599,1.4,0,12
884,NA1_4476449281,200,14,3,3,1,0,0,15009,6.8,57,210,59,4,7,0,0,0,17068,7.0,58,219
885,NA1_4476493515,100,10,4,8,0,4,0,18852,7.4,60,221,89,1,4,0,1,0,15894,6.6,55,222
886,NA1_4476286001,200,17,2,6,1,0,0,16818,6.8,64,214,15,2,6,1,5,0,17339,6.8,72,230
887,NA1_4475742705,100,56,1,6,0,1,0,16329,6.8,44,204,28,6,10,1,5,0,19946,7.2,84,227
888,NA1_4463996866,100,20,3,10,1,0,0,17182,7.0,47,171,21,6,7,0,3,0,17636,6.6,41,232
889,NA1_4463992554,200,12,0,6,1,2,0,17269,6.8,68,178,19,2,15,1,4,0,19492,7.2,44,199
890,NA1_4459211295,100,40,1,9,2,2,0,18956,7.6,60,228,202,2,4,0,1,0,15553,7.0,52,214
891,NA1_4492605771,200,13,0,3,1,3,0,15684,6.6,45,230,11,0,3,0,0,0,14961,6.8,81,200
892,NA1_4492567635,100,13,2,11,0,4,0,19290,7.2,55,236,14,3,7,1,0,0,16852,7.0,60,183
893,NA1_4492543576,200,15,1,9,1,5,0,17367,6.6,45,210,13,2,7,0,5,1,18843,6.8,62,206
894,NA1_4492130030,100,17,3,9,1,9,0,20152,7.4,72,228,14,1,1,0,2,0,14348,6.2,50,202
895,NA1_4492084672,200,32,1,7,0,1,0,17158,7.2,44,205,34,1,12,1,2,0,18781,7.4,48,231
897,NA1_4491442478,100,14,2,8,1,5,0,19410,7.2,64,226,52,1,8,1,4,0,18163,7.0,68,217
898,NA1_4490685127,100,16,0,7,1,2,0,18092,7.0,68,214,55,2,4,1,5,0,15862,6.8,64,205
899,NA1_4490660180,200,16,2,3,0,0,0,15472,6.6,53,224,14,3,4,1,2,0,16033,6.6,53,220
